[1,["dfecmhRENPd6zjQ8c93KvV@6c48a"],["_textureSource"],["cc.SpriteFrame"],0,[{"name":"Frame 427322296","rect":{"x":1,"y":7,"width":97,"height":145},"offset":{"x":0,"y":-0.5},"originalSize":{"width":99,"height":158},"rotated":false,"capInsets":[0,0,0,0],"vertices":{"rawPosition":[-48.5,-72.5,0,48.5,-72.5,0,-48.5,72.5,0,48.5,72.5,0],"indexes":[0,1,2,2,1,3],"uv":[1,151,98,151,1,6,98,6],"nuv":[0.010101010101010102,0.0379746835443038,0.98989898989899,0.0379746835443038,0.010101010101010102,0.9556962025316456,0.98989898989899,0.9556962025316456],"minPos":{"x":-48.5,"y":-72.5,"z":0},"maxPos":{"x":48.5,"y":72.5,"z":0}},"packable":true,"pixelsToUnit":100,"pivot":{"x":0.5,"y":0.5},"meshType":0}],[0],0,[0],[0],[0]]
