[1,["57B/dNN0dCWL9cMei12i5B@6c48a"],["_textureSource"],["cc.SpriteFrame"],0,[{"name":"Elixir_Loading23","rect":{"x":226,"y":233,"width":52,"height":66},"offset":{"x":-4,"y":-10},"originalSize":{"width":512,"height":512},"rotated":false,"capInsets":[0,0,0,0],"vertices":{"rawPosition":[-26,-33,0,26,-33,0,-26,33,0,26,33,0],"indexes":[0,1,2,2,1,3],"uv":[226,279,278,279,226,213,278,213],"nuv":[0.44140625,0.416015625,0.54296875,0.416015625,0.44140625,0.544921875,0.54296875,0.544921875],"minPos":{"x":-26,"y":-33,"z":0},"maxPos":{"x":26,"y":33,"z":0}},"packable":true,"pixelsToUnit":100,"pivot":{"x":0.5,"y":0.5},"meshType":0}],[0],0,[0],[0],[0]]
