[1,["ecJEuFCxZJCbq9Pfzr2eGt@f9941","87aNPq1zNDJ4VybIpo+c0w@f9941","53jerC0TlHOphjczc7kF7P@f9941","a0kd4KAzVCTJFAcjsSKZaM@f9941","92O/l6v+pB7LrdiPCXD4Ss@f9941","2cAbUEAo5MYaWuSkXNatdB@f9941","8b063BOVBJ3LHBOyTjMv5L@f9941","b0oBNtkhtO47k+qfjiyEb6","93m1pypqJJDrXq7GwRURB+@f9941","78HQur2MFE9ppAma5sjHEb@f9941","95IwmBNiVOI7zAygd8RSue","c8bACC/M5PJa7Wbu0ks8/3","1dX8sOT8BO0Kz0gjQu2Ds5@6c48a","44hxvT5xBCVp+CVbTspr8O@6c48a","53jerC0TlHOphjczc7kF7P@6c48a","69kTER4y1AiqgBVmun2TXZ@6c48a","78HQur2MFE9ppAma5sjHEb@6c48a","87aNPq1zNDJ4VybIpo+c0w@6c48a","8b063BOVBJ3LHBOyTjMv5L@6c48a","a0kd4KAzVCTJFAcjsSKZaM@6c48a","afmgG5dLNPDJr0xZx0SLvr@6c48a","afmgG5dLNPDJr0xZx0SLvr@f9941","1dX8sOT8BO0Kz0gjQu2Ds5@f9941","44hxvT5xBCVp+CVbTspr8O@f9941","69kTER4y1AiqgBVmun2TXZ@f9941","ecJEuFCxZJCbq9Pfzr2eGt@6c48a"],["node","_spriteFrame","_textureSource","_parent","_placeholderLabel","_textLabel","_defaultClip","target","LoginBtn","ResBtn","_target","LoginBtnTb","ResBtnTb","_cameraComponent","_barSprite","LoginBtnactive","WarnEmail","WarnRes","loadingAnimProject","boxRePassRes","boxPassRes","boxPassLogin","boxNameLogin","boxNameRes","scene"],[["cc.Node",["_name","_layer","_active","_id","_components","_parent","_children","_lpos","_lscale"],-1,9,1,2,5,5],"cc.SpriteFrame",["cc.Node",["_name","_layer","_active","_components","_lpos","_parent","_children","_lscale"],0,12,5,1,2,5],["cc.Button",["_transition","node","clickEvents","_target","_normalColor"],2,1,9,1,5],["cc.Sprite",["_sizeMode","_type","node","_spriteFrame","_color"],1,1,6,5],["cc.Label",["_string","_actualFontSize","_fontSize","_overflow","_enableWrapText","_enableOutline","_horizontalAlign","node","_color"],-4,1,5],["cc.EditBox",["_inputMode","_maxLength","_inputFlag","node","_textLabel","_placeholderLabel"],0,1,1,1],["cc.UITransform",["node","_contentSize","_anchorPoint"],3,1,5,5],["cc.ClickEvent",["_componentId","handler","target"],1,1],["cc.SceneAsset",["_name"],2],["cc.Node",["_name","_parent","_components","_lpos"],2,1,2,5],["b2427fiLbpHdJ92GImVnljA",["node","ResBtn","LoginBtn","LoginTable","ResTable","ResBtnTb","LoginBtnTb"],3,1,1,1,1,1,1,1],["cc.Canvas",["node","_cameraComponent"],3,1,1],["cc.Widget",["_alignFlags","_top","_bottom","node"],0,1],["cc.ProgressBar",["_totalLength","_progress","node","_barSprite"],1,1,1],["cc.Scene",["_name","_children","_globals"],2,12,4],["cc.SceneGlobals",["ambient","shadows","_skybox","fog","octree","skin","lightProbeInfo","postSettings"],3,4,4,4,4,4,4,4,4],["cc.AmbientInfo",["_skyColorHDR","_groundAlbedoHDR"],3,5,5],["cc.ShadowsInfo",["_shadowColor","_size"],3,5,5],["cc.SkyboxInfo",[],3],["cc.FogInfo",[],3],["cc.OctreeInfo",[],3],["cc.SkinInfo",["_enabled"],2],["cc.LightProbeInfo",[],3],["cc.PostSettingsInfo",[],3],["9de53gRG/ZM/5hJ9OJJyrkW",["hostname","node","boxNameRes","boxNameLogin","boxPassLogin","boxPassRes","boxRePassRes","LoadingPageProcess","loadingAnimProject","ResTable","ResBtnTb","WarnRes","WarnEmail","LoginBtn","ResBtn","LoginBtnactive"],2,1,1,1,1,1,1,1,1,1,1,1,1,1,1,1],["cc.Camera",["_projection","_orthoHeight","_near","_visibility","node","_color"],-1,1,5],["cc.Animation",["node","_clips"],3,1,3]],[[7,0,1,1],[4,2,3,1],[7,0,1,2,1],[0,0,1,5,4,7,3],[4,1,0,2,3],[4,0,2,3,2],[0,0,1,5,4,3],[2,0,1,5,3,4,3],[8,0,1,2,3],[0,0,1,5,6,4,7,8,3],[2,0,1,6,3,4,3],[2,0,2,1,5,3,4,4],[5,0,1,2,3,4,7,6],[5,0,6,1,2,3,4,7,8,7],[3,0,1,2,2],[0,0,1,5,6,4,7,3],[27,0,1,1],[0,0,2,1,5,4,4],[2,0,2,1,5,6,3,4,4],[2,0,1,5,6,3,4,3],[4,2,4,3,1],[3,1,2,4,3,1],[5,0,1,2,7,8,4],[6,0,1,3,3],[9,0,2],[0,0,1,6,4,3],[0,0,2,1,5,6,4,8,4],[0,0,2,1,5,6,4,7,4],[0,0,2,1,5,6,4,4],[0,0,3,4,3],[0,0,1,3,6,4,7,4],[0,0,3,5,3],[0,0,3,5,4,3],[2,0,1,5,6,3,4,7,3],[2,0,1,5,6,3,3],[10,0,1,2,3,2],[4,1,0,2,3,3],[3,1,2,1],[3,1,1],[3,0,1,3,2],[3,0,1,2],[8,0,2,2],[11,0,1,2,3,4,5,6,1],[12,0,1,1],[13,0,1,2,3,4],[14,0,1,2,3,3],[15,0,1,2,2],[16,0,1,2,3,4,5,6,7,1],[17,0,1,1],[18,0,1,1],[19,1],[20,1],[21,1],[22,0,2],[23,1],[24,1],[25,0,1,2,3,4,5,6,7,8,9,10,11,12,13,14,15,2],[5,0,1,5,7,4],[26,0,1,2,3,4,5,5],[6,2,0,1,3,4,5,4],[6,0,1,3,4,5,3],[6,2,0,1,3,4]],[[[{"name":"regButton","rect":{"x":0,"y":0,"width":208,"height":70},"offset":{"x":0,"y":5},"originalSize":{"width":208,"height":80},"rotated":false,"capInsets":[0,0,0,0],"vertices":{"rawPosition":[-104,-35,0,104,-35,0,-104,35,0,104,35,0],"indexes":[0,1,2,2,1,3],"uv":[0,80,208,80,0,10,208,10],"nuv":[0,0.125,1,0.125,0,1,1,1],"minPos":{"x":-104,"y":-35,"z":0},"maxPos":{"x":104,"y":35,"z":0}},"packable":true,"pixelsToUnit":100,"pivot":{"x":0.5,"y":0.5},"meshType":0}],[1],0,[0],[2],[12]],[[{"name":"processFrame","rect":{"x":0,"y":0,"width":446,"height":35},"offset":{"x":0,"y":0},"originalSize":{"width":446,"height":35},"rotated":false,"capInsets":[180,10,180,10],"vertices":{"rawPosition":[-223,-17.5,0,223,-17.5,0,-223,17.5,0,223,17.5,0],"indexes":[0,1,2,2,1,3],"uv":[0,35,446,35,0,0,446,0],"nuv":[0,0,1,0,0,1,1,1],"minPos":{"x":-223,"y":-17.5,"z":0},"maxPos":{"x":223,"y":17.5,"z":0}},"packable":true,"pixelsToUnit":100,"pivot":{"x":0.5,"y":0.5},"meshType":0}],[1],0,[0],[2],[13]],[[{"name":"LoginTitle","rect":{"x":0,"y":0,"width":171,"height":44},"offset":{"x":0,"y":0},"originalSize":{"width":171,"height":44},"rotated":false,"capInsets":[0,0,0,0],"vertices":{"rawPosition":[-85.5,-22,0,85.5,-22,0,-85.5,22,0,85.5,22,0],"indexes":[0,1,2,2,1,3],"uv":[0,44,171,44,0,0,171,0],"nuv":[0,0,1,0,0,1,1,1],"minPos":{"x":-85.5,"y":-22,"z":0},"maxPos":{"x":85.5,"y":22,"z":0}},"packable":true,"pixelsToUnit":100,"pivot":{"x":0.5,"y":0.5},"meshType":0}],[1],0,[0],[2],[14]],[[{"name":"processBar","rect":{"x":0,"y":0,"width":30,"height":19},"offset":{"x":0,"y":0},"originalSize":{"width":30,"height":19},"rotated":false,"capInsets":[10,5,10,5],"vertices":{"rawPosition":[-15,-9.5,0,15,-9.5,0,-15,9.5,0,15,9.5,0],"indexes":[0,1,2,2,1,3],"uv":[0,19,30,19,0,0,30,0],"nuv":[0,0,1,0,0,1,1,1],"minPos":{"x":-15,"y":-9.5,"z":0},"maxPos":{"x":15,"y":9.5,"z":0}},"packable":true,"pixelsToUnit":100,"pivot":{"x":0.5,"y":0.5},"meshType":0}],[1],0,[0],[2],[15]],[[{"name":"6698d124-9e39-4ebd-b3f4-4825aea70e40.ab12e","rect":{"x":76,"y":0,"width":860,"height":50},"offset":{"x":3,"y":0.5},"originalSize":{"width":1006,"height":51},"rotated":false,"capInsets":[372,8,369,8],"vertices":{"rawPosition":[-430,-25,0,430,-25,0,-430,25,0,430,25,0],"indexes":[0,1,2,2,1,3],"uv":[76,51,936,51,76,1,936,1],"nuv":[0.07554671968190854,0.0196078431372549,0.9304174950298211,0.0196078431372549,0.07554671968190854,1,0.9304174950298211,1],"minPos":{"x":-430,"y":-25,"z":0},"maxPos":{"x":430,"y":25,"z":0}},"packable":true,"pixelsToUnit":100,"pivot":{"x":0.5,"y":0.5},"meshType":0}],[1],0,[0],[2],[16]],[[{"name":"LineUser","rect":{"x":0,"y":0,"width":340,"height":69},"offset":{"x":0,"y":0},"originalSize":{"width":340,"height":69},"rotated":false,"capInsets":[100,12,100,12],"vertices":{"rawPosition":[-170,-34.5,0,170,-34.5,0,-170,34.5,0,170,34.5,0],"indexes":[0,1,2,2,1,3],"uv":[0,69,340,69,0,0,340,0],"nuv":[0,0,1,0,0,1,1,1],"minPos":{"x":-170,"y":-34.5,"z":0},"maxPos":{"x":170,"y":34.5,"z":0}},"packable":true,"pixelsToUnit":100,"pivot":{"x":0.5,"y":0.5},"meshType":0}],[1],0,[0],[2],[17]],[[{"name":"LoginTable","rect":{"x":1,"y":1,"width":672,"height":423},"offset":{"x":0.5,"y":-0.5},"originalSize":{"width":673,"height":424},"rotated":false,"capInsets":[168,115,168,115],"vertices":{"rawPosition":[-336,-211.5,0,336,-211.5,0,-336,211.5,0,336,211.5,0],"indexes":[0,1,2,2,1,3],"uv":[1,423,673,423,1,0,673,0],"nuv":[0.0014858841010401188,0,1,0,0.0014858841010401188,0.9976415094339622,1,0.9976415094339622],"minPos":{"x":-336,"y":-211.5,"z":0},"maxPos":{"x":336,"y":211.5,"z":0}},"packable":true,"pixelsToUnit":100,"pivot":{"x":0.5,"y":0.5},"meshType":0}],[1],0,[0],[2],[18]],[[{"name":"ResTile","rect":{"x":1,"y":5,"width":192,"height":40},"offset":{"x":0,"y":0},"originalSize":{"width":194,"height":50},"rotated":false,"capInsets":[0,0,0,0],"vertices":{"rawPosition":[-96,-20,0,96,-20,0,-96,20,0,96,20,0],"indexes":[0,1,2,2,1,3],"uv":[1,45,193,45,1,5,193,5],"nuv":[0.005154639175257732,0.1,0.9948453608247423,0.1,0.005154639175257732,0.9,0.9948453608247423,0.9],"minPos":{"x":-96,"y":-20,"z":0},"maxPos":{"x":96,"y":20,"z":0}},"packable":true,"pixelsToUnit":100,"pivot":{"x":0.5,"y":0.5},"meshType":0}],[1],0,[0],[2],[19]],[[{"name":"resTitle","rect":{"x":0,"y":0,"width":137,"height":42},"offset":{"x":-0.5,"y":0.5},"originalSize":{"width":138,"height":43},"rotated":false,"capInsets":[0,0,0,0],"vertices":{"rawPosition":[-68.5,-21,0,68.5,-21,0,-68.5,21,0,68.5,21,0],"indexes":[0,1,2,2,1,3],"uv":[0,43,137,43,0,1,137,1],"nuv":[0,0.023255813953488372,0.9927536231884058,0.023255813953488372,0,1,0.9927536231884058,1],"minPos":{"x":-68.5,"y":-21,"z":0},"maxPos":{"x":68.5,"y":21,"z":0}},"packable":true,"pixelsToUnit":100,"pivot":{"x":0.5,"y":0.5},"meshType":0}],[1],0,[0],[2],[20]],[[[24,"Login"],[25,"background",33554432,[-3,-4,-5,-6,-7,-8,-9,-10,-11,-12,-13],[[0,-1,[5,1920,1080]],[5,0,-2,32]]],[26,"ResTable",false,33554432,1,[-18,-19,-20,-21,-22,-23],[[0,-14,[5,672,423]],[1,-15,16],[37,-17,[[41,"cc.MissingScript",-16]]]],[1,1,1.5,1]],[27,"LoginTable",false,33554432,1,[-27,-28,-29,-30,-31],[[0,-24,[5,672,423]],[1,-25,31],[38,-26]],[1,0,-51.911,0]],[28,"LoggingPage",false,33554432,1,[-34,-35,-36,-37],[[0,-32,[5,1920,1080]],[5,0,-33,24]]],[29,"@Controller","30K6B1ucRNqa00wfFy9iJv",[[42,-42,-41,-40,3,2,-39,-38]]],[17,"offResBtn",false,33554432,1,[[0,-43,[5,1920,1080]],[4,1,0,-44],[21,-46,[[8,"b2427fiLbpHdJ92GImVnljA","offResTable",5]],[4,4292269782],-45]]],[30,"Canvas",33554432,"beI88Z2HpFELqR4T5EMHpg",[-51,1],[[0,-47,[5,1920,1080]],[43,-49,-48],[44,45,5.684341886080802e-14,5.684341886080802e-14,-50]],[1,960,540,0]],[15,"regButton",33554432,1,[-55],[[0,-52,[5,208,70]],[1,-53,3],[14,3,-54,[[8,"b2427fiLbpHdJ92GImVnljA","onResTable",5]]]],[1,201.156,-220,0]],[15,"LoginButton",33554432,1,[-59],[[0,-56,[5,208,69]],[1,-57,5],[14,3,-58,[[8,"b2427fiLbpHdJ92GImVnljA","onLoginTable",5]]]],[1,-171.483,-220,0]],[10,"EditBox",33554432,[-63,-64],[[[0,-60,[5,295.7142857142857,42.857142857142854]],[4,1,0,-61],-62],4,4,1],[1,-3.5714285714285765,1.4285714285714288,0]],[10,"EditBox",33554432,[-68,-69],[[[0,-65,[5,295.7142857142857,42.857142857142854]],[4,1,0,-66],-67],4,4,1],[1,-3.5714285714285765,1.4285714285714288,0]],[10,"EditBox",33554432,[-73,-74],[[[0,-70,[5,295.7142857142857,42.857142857142854]],[4,1,0,-71],-72],4,4,1],[1,-3.5714285714285765,1.4285714285714288,0]],[18,"LoginButton-001",false,33554432,2,[-78],[[[0,-75,[5,209.465,45.53266666666667]],[5,0,-76,15],-77],4,4,1],[1,0,-146.9,0]],[10,"boxuser",33554432,[-82,-83],[[[0,-79,[5,295.7142857142857,42.857142857142854]],[4,1,0,-80],-81],4,4,1],[1,-3.5714285714285765,1.4285714285714288,0]],[10,"boxPass",33554432,[-87,-88],[[[0,-84,[5,295.7142857142857,42.857142857142854]],[4,1,0,-85],-86],4,4,1],[1,-3.5714285714285765,1.4285714285714288,0]],[33,"LoadProcess",33554432,4,[-94],[[[0,-89,[5,305.1972,29.37533333333333]],[36,1,0,-90,22],[45,292.0238,1,-92,-91],-93],4,4,4,1],[1,0,-473.81,0],[1,5,1.5,1]],[17,"offLoginBtn",false,33554432,1,[[0,-95,[5,1920,1080]],[4,1,0,-96],[21,-98,[[8,"b2427fiLbpHdJ92GImVnljA","offLoginTable",5]],[4,4292269782],-97]]],[46,"Login",[[7,[31,"-----------------------","7bannw58NF6pEKf/FdoJF8",-99],5,-100],1,4,1,1],[47,[48,[2,0,0,0,0.520833125],[2,0,0,0,0]],[49,[4,4283190348],[0,512,512]],[50],[51],[52],[53,false],[54],[55]]],[15,"LoginButton",33554432,3,[-105],[[0,-101,[5,208,69]],[1,-102,8],[14,3,-104,[[8,"9de53gRG/ZM/5hJ9OJJyrkW","loginBtn",-103]]]],[1,0,-131.426,0]],[19,"LoginButton",33554432,2,[-109],[[[0,-106,[5,209.465,45.53266666666667]],[5,0,-107,13],-108],4,4,1],[1,0,-146.9,0]],[34,"6698d124-9e39-4ebd-b3f4-4825aea70e40.ab12e",33554432,1,[-113],[[[0,-110,[5,860,50]],[20,-111,[4,16777215],25],-112],4,4,1]],[19,"WarningEmail",33554432,1,[-117],[[[0,-114,[5,860,50]],[20,-115,[4,16777215],27],-116],4,4,1],[1,0,204.066,0]],[18,"LoginButton-001",false,33554432,3,[-121],[[[0,-118,[5,208,69]],[1,-119,30],-120],4,4,1],[1,2.2737367544323206e-13,-131.42599999999993,0]],[32,"@connect","8cW3BC3LRH1bzbUbKVD2oz",18,[[56,"game-server.our-projects.org",-133,-132,-131,-130,-129,-128,4,-127,2,6,-126,-125,-124,-123,-122]]],[9,"Sprite-002",33554432,2,[10],[[0,-134,[5,340,69]],[1,-135,17]],[1,0,84.988,0],[1,0.9,0.6,1]],[9,"Sprite-003",33554432,2,[11],[[0,-136,[5,340,69]],[1,-137,10]],[1,0,10.152,0],[1,0.9,0.6,1]],[9,"Sprite-004",33554432,2,[12],[[0,-138,[5,340,69]],[1,-139,11]],[1,0,-67.016,0],[1,0.9,0.6,1]],[9,"LoginUSeer",33554432,3,[14],[[0,-140,[5,340,69]],[1,-141,18]],[1,0,76.30399999999997,0],[1,0.9,0.9,1]],[9,"Sprite-001",33554432,3,[15],[[0,-142,[5,340,69]],[1,-143,19]],[1,0,-12.696000000000026,0],[1,0.9,0.9,1]],[3,"dragonSplash",33554432,1,[[0,-144,[5,542,711]],[1,-145,0]],[1,-689.97,-187.804,0]],[3,"tigerSplash",33554432,1,[[0,-146,[5,464,650]],[1,-147,1]],[1,730.091,-215.043,0]],[6,"resTitle",33554432,8,[[0,-148,[5,137,42]],[1,-149,2]]],[6,"LoginTitle",33554432,9,[[0,-150,[5,171,44]],[1,-151,4]]],[3,"LoginTitle",33554432,3,[[0,-152,[5,171,44]],[1,-153,6]],[1,0,177.054,0]],[6,"LoginTitle",33554432,19,[[0,-154,[5,171,44]],[1,-155,7]]],[3,"ResTile",33554432,2,[[0,-156,[5,192,29.259999999999998]],[5,0,-157,9]],[1,0,178.363,0]],[11,"TEXT_LABEL",false,33554432,11,[[[2,-158,[5,293.7142857142857,42.857142857142854],[0,0,1]],-159],4,1],[1,-145.85714285714286,21.428571428571427,0]],[7,"PLACEHOLDER_LABEL",33554432,11,[[[2,-160,[5,293.7142857142857,42.857142857142854],[0,0,1]],-161],4,1],[1,-145.85714285714286,21.428571428571427,0]],[11,"TEXT_LABEL",false,33554432,12,[[[2,-162,[5,293.7142857142857,42.857142857142854],[0,0,1]],-163],4,1],[1,-145.85714285714286,21.428571428571427,0]],[7,"PLACEHOLDER_LABEL",33554432,12,[[[2,-164,[5,293.7142857142857,42.857142857142854],[0,0,1]],-165],4,1],[1,-145.85714285714286,21.428571428571427,0]],[3,"ResTile",33554432,20,[[0,-166,[5,158.106,21.019333333333343]],[5,0,-167,12]],[1,0.2740000000000009,0.39633333333333365,0]],[3,"ResTile",33554432,13,[[0,-168,[5,158.106,21.019333333333343]],[5,0,-169,14]],[1,0.2740000000000009,0.39633333333333365,0]],[11,"TEXT_LABEL",false,33554432,10,[[[2,-170,[5,293.7142857142857,42.857142857142854],[0,0,1]],-171],4,1],[1,-145.85714285714286,21.428571428571427,0]],[7,"PLACEHOLDER_LABEL",33554432,10,[[[2,-172,[5,293.7142857142857,42.857142857142854],[0,0,1]],-173],4,1],[1,-145.85714285714286,21.428571428571427,0]],[11,"TEXT_LABEL",false,33554432,14,[[[2,-174,[5,293.7142857142857,42.857142857142854],[0,0,1]],-175],4,1],[1,-145.85714285714286,21.428571428571427,0]],[7,"PLACEHOLDER_LABEL",33554432,14,[[[2,-176,[5,293.7142857142857,42.857142857142854],[0,0,1]],-177],4,1],[1,-145.85714285714286,21.428571428571427,0]],[11,"TEXT_LABEL",false,33554432,15,[[[2,-178,[5,293.7142857142857,42.857142857142854],[0,0,1]],-179],4,1],[1,-145.85714285714286,21.428571428571427,0]],[7,"PLACEHOLDER_LABEL",33554432,15,[[[2,-180,[5,293.7142857142857,42.857142857142854],[0,0,1]],-181],4,1],[1,-145.85714285714286,21.428571428571427,0]],[3,"dragonSplash-001",33554432,4,[[0,-182,[5,542,711]],[1,-183,20]],[1,-689.97,-187.80399999999997,0]],[3,"tigerSplash-001",33554432,4,[[0,-184,[5,464,650]],[1,-185,21]],[1,730.0909999999999,-215.043,0]],[7,"Bar",33554432,16,[[[2,-186,[5,292.0238,15],[0,0,0.5]],-187],4,1],[1,-147.1052,0,0]],[3,"Loading",33554432,4,[[0,-188,[5,179.703125,54.4]],[57,"Loading...",40,true,-189]],[1,0,-429.124,0]],[6,"text",33554432,21,[[0,-190,[5,210.087890625,50.4]],[22,"Registered successfully",20,20,-191,[4,4284668130]]]],[6,"text",33554432,22,[[0,-192,[5,431.064453125,50.4]],[22,"\"Email, password, and name must not be empty\"",20,20,-193,[4,4284668130]]]],[6,"LoginTitle",33554432,23,[[0,-194,[5,171,44]],[1,-195,29]]],[35,"Camera",7,[-196],[1,0,0,1000]],[58,0,572.0900321543409,0,1108344832,56,[4,4278190080]],[23,6,255,10],[12,"",40,35,2,false,37],[13,"Enter Password",0,20,20,1,false,38,[4,4290493371]],[59,0,6,255,11,59,60],[12,"",40,35,2,false,39],[13,"NAME",0,20,20,1,false,40,[4,4290493371]],[60,6,255,12,62,63],[14,3,20,[[8,"9de53gRG/ZM/5hJ9OJJyrkW","signUp",24]]],[39,3,13,13],[12,"",40,35,2,false,43],[13,"Enter Username",0,20,20,1,false,44,[4,4290493371]],[23,6,255,14],[12,"",40,35,2,false,45],[13,"Enter Username",0,20,20,1,false,46,[4,4290493371]],[61,0,6,255,15],[12,"",40,35,2,false,47],[13,"Enter Password",0,20,20,1,false,48,[4,4290493371]],[4,1,0,51],[16,16,[23]],[16,21,[26]],[16,22,[28]],[40,3,23]],0,[0,0,1,0,0,1,0,-1,30,0,-2,31,0,-3,8,0,-4,9,0,-5,17,0,-6,3,0,-7,6,0,-8,2,0,-9,21,0,-10,22,0,-11,4,0,0,2,0,0,2,0,7,5,0,0,2,0,-1,36,0,-2,25,0,-3,26,0,-4,27,0,-5,20,0,-6,13,0,0,3,0,0,3,0,0,3,0,-1,34,0,-2,19,0,-3,23,0,-4,28,0,-5,29,0,0,4,0,0,4,0,-1,49,0,-2,50,0,-3,16,0,-4,52,0,11,17,0,12,6,0,8,9,0,9,8,0,0,5,0,0,6,0,0,6,0,10,6,0,0,6,0,0,7,0,13,57,0,0,7,0,0,7,0,-1,56,0,0,8,0,0,8,0,0,8,0,-1,32,0,0,9,0,0,9,0,0,9,0,-1,33,0,0,10,0,0,10,0,-3,58,0,-1,43,0,-2,44,0,0,11,0,0,11,0,-3,61,0,-1,37,0,-2,38,0,0,12,0,0,12,0,-3,64,0,-1,39,0,-2,40,0,0,13,0,0,13,0,-3,66,0,-1,42,0,0,14,0,0,14,0,-3,69,0,-1,45,0,-2,46,0,0,15,0,0,15,0,-3,72,0,-1,47,0,-2,48,0,0,16,0,0,16,0,14,75,0,0,16,0,-4,76,0,-1,51,0,0,17,0,0,17,0,10,17,0,0,17,0,3,18,0,-4,24,0,0,19,0,0,19,0,7,24,0,0,19,0,-1,35,0,0,20,0,0,20,0,-3,65,0,-1,41,0,0,21,0,0,21,0,-3,77,0,-1,53,0,0,22,0,0,22,0,-3,78,0,-1,54,0,0,23,0,0,23,0,-3,79,0,-1,55,0,15,79,0,9,66,0,8,65,0,16,78,0,17,77,0,18,76,0,19,64,0,20,61,0,21,72,0,22,69,0,23,58,0,0,24,0,0,25,0,0,25,0,0,26,0,0,26,0,0,27,0,0,27,0,0,28,0,0,28,0,0,29,0,0,29,0,0,30,0,0,30,0,0,31,0,0,31,0,0,32,0,0,32,0,0,33,0,0,33,0,0,34,0,0,34,0,0,35,0,0,35,0,0,36,0,0,36,0,0,37,0,-2,59,0,0,38,0,-2,60,0,0,39,0,-2,62,0,0,40,0,-2,63,0,0,41,0,0,41,0,0,42,0,0,42,0,0,43,0,-2,67,0,0,44,0,-2,68,0,0,45,0,-2,70,0,0,46,0,-2,71,0,0,47,0,-2,73,0,0,48,0,-2,74,0,0,49,0,0,49,0,0,50,0,0,50,0,0,51,0,-2,75,0,0,52,0,0,52,0,0,53,0,0,53,0,0,54,0,0,54,0,0,55,0,0,55,0,-1,57,0,24,18,1,3,7,5,3,18,7,3,18,10,3,25,11,3,26,12,3,27,14,3,28,15,3,29,58,4,68,58,5,67,69,4,71,69,5,70,72,4,74,72,5,73,196],[0,0,0,0,0,0,0,0,0,0,0,0,0,0,0,0,0,0,0,0,0,0,0,0,0,0,0,0,0,0,0,0,0,75,76,77,78],[1,1,1,1,1,1,1,1,1,1,1,1,1,1,1,1,1,1,1,1,1,1,1,-1,1,1,-1,1,-1,1,1,1,1,1,6,6,6],[4,5,21,22,2,0,2,2,0,3,1,1,3,0,3,0,6,1,1,1,4,5,23,7,8,9,10,9,11,2,0,6,8,24,7,10,11]],[[{"name":"LoginButton","rect":{"x":0,"y":0,"width":208,"height":69},"offset":{"x":0,"y":5.5},"originalSize":{"width":208,"height":80},"rotated":false,"capInsets":[40,20,40,20],"vertices":{"rawPosition":[-104,-34.5,0,104,-34.5,0,-104,34.5,0,104,34.5,0],"indexes":[0,1,2,2,1,3],"uv":[0,80,208,80,0,11,208,11],"nuv":[0,0.1375,1,0.1375,0,1,1,1],"minPos":{"x":-104,"y":-34.5,"z":0},"maxPos":{"x":104,"y":34.5,"z":0}},"packable":true,"pixelsToUnit":100,"pivot":{"x":0.5,"y":0.5},"meshType":0}],[1],0,[0],[2],[25]]]]
