[1,["40JClyYWhJqoOKDV/fjeiZ","04Fq52R6tDhbfzRTLI8w1B@6c48a","04SARu1w9AVb0tSB8VsoGo@6c48a","05L+6VNxpD9ZYO0Ei0X8S4@6c48a","05/SszMhVHkJXV6FFz4ztt@6c48a","08JD/Jzf5JCbYemoYHOH/Y@6c48a","09Jd/dKd9ElI/c8D3Vz0f0@6c48a","0cJKJ2Dh1CMbbNrQb2czPS@6c48a","121Q7uQ3xKSpuqIu5hsF7e@6c48a","1578EC6V9PToBoU2g+6i8H@6c48a","1aVM6tNmVFnZjIoN5zQ5B8@6c48a","1bsbQy7uNKhYHShsuMNOvH@6c48a","1cFd3+8MVFoJoVuwCW6/dc@6c48a","1fn1Hl8nZGiIQZznTX1CwL@6c48a","2buEDYEyBNtY4PqtqwObSV@6c48a","2dm6kjaohDebgs1KGgeHmF@6c48a","309nfVpA1G1IKwliD2bzks@6c48a","320AWaXiZPr6Dq1KgEeQoD@6c48a","33HTCph8JJMoMpEQ9JwOmC@6c48a","34ND18AD9AfbNY1tQq7Sqb@6c48a","34yTBbxLBJvqRUEPVW0u1q@6c48a","340Enkg4dO5blFp4N1ki6v@6c48a","342f/SPKJLSbGSDixc5UJz@6c48a","37QIk3kQBKSYLzlWCA6KH7@6c48a","93m1pypqJJDrXq7GwRURB+@f9941","3c/vHNQltG+7JF2KoCMxYC@6c48a","3fyfIsAjRClb+yNm5uE+jk@6c48a","40WsLXXDpJc7LTv4nFWW8q@6c48a","45uJ3+kU1DPqpMbQMItIdt@6c48a","459oM7TkVC/Yz7mrxBkLN0@6c48a","47gzxKF4pGTIRK59Ir6sO2@6c48a","4eriW9X+pFVKRXKOx8FYu3@6c48a","4e9wB3O7VM4p7w6s1kJwnb@6c48a","4fo2rADT5E+pzpuVpxwHvO@6c48a","50TMi8b5hDPq25kwxAr7yX@6c48a","50rflspaFPXJb62F1BK61M@6c48a","50tKJPVitFb4t0TlAOlgJj@6c48a","51e7biyq1KGqCq7NTlsZIm@6c48a","55MjrGGw5GkImAp3QbWvNd@6c48a","57B/dNN0dCWL9cMei12i5B@6c48a","59sTdLKahBWJX7Mm7l4Eai@6c48a","5eAAaZe2tGxK8VROYaQZQv@6c48a","652S5PMvBLUqL6ldfyhIow@6c48a","652vbB4iVKub7V2odCfWZz@6c48a","6cdpExOONCzZScnzBqyWmF@6c48a","722t5pDztDGpi3NUxJ6J7M@6c48a","75iVr+ue1I6KNYCpmefUWQ@6c48a","78XGUM7Q9PMZtlK6vfSy34@6c48a","792Wko2vFERbxzUdgGEvBC@6c48a","79+sHZ5INJnJq+JL0hk6dP@6c48a","80Yc7QwfRKKJptne9/WdcH@6c48a","81Ka7k239GSJf19j9p52GX@6c48a","83jjEXtKFJ95D8WN+4OAiA@6c48a","8dAyPRb2RHkaR5E0xhz7zZ@6c48a","8d694UmU5C8rjUAAWdG6LL@6c48a","90VYo/zJFPfLIJGmcPaREE@6c48a","92RpY+VRZCzrqE73uTDPIZ@6c48a","93UHaiAuxM2YcOZBH5jWl2@6c48a","93m1pypqJJDrXq7GwRURB+@6c48a","94Ao1urxtE2pRRjWAMcFW0@6c48a","96+39pQiNJ05f4nz1UHz7L@6c48a","99FQgWJWlD4qxhHQhwyr8Q@6c48a","9bTRWf63hL+Lj18gfHWmeS@6c48a","9fXLJSd5ZAD4LHGafMkOmx@6c48a","a1EdrbeKBMl5CLUsrSD58r@6c48a","a1Vw0uBt1LZKaeUMm+4Un8@6c48a","a4frhyHCZA/YEiwgPB4rPl@6c48a","a7NVKYjrBPdLCybAMXHwPW@6c48a","a89jSW7jBDBZK915XKCV40@6c48a","abBm7ZeIJNcoiqa72ZaThd@6c48a","b2EUPpfBBOOJIxvnipbLwQ@6c48a","b3KRYAduVB+7SHlrLRxcvq@6c48a","b3h/3VGcVCQZPWbtSV4mch@6c48a","b42ucwj4dLha+VePzgbi96@6c48a","bcn1FvpCBGB538Udf/9P1/@6c48a","bdceycmPlHQ649DTN11rSP@6c48a","c0yR+BrjRENYLqq1hRR8BE@6c48a","c3r/RtoiNAg6J7Axp1su9Q@6c48a","c3z128E4JCXrXQZTewagUv@6c48a","c98DfMh25PVYiT8TZKtQL3@6c48a","camm/M6hpBXaLvv7BKbjQJ@6c48a","cbHYqgS0VNqax/A0b2zCn/@6c48a","d4OH4ihHFLPoWBha/XmRAO@6c48a","d8O09TmrBKf67L+31350SM@6c48a","ddQrOuADRJGLRYeTlzLuTN@6c48a","e3I+vDsCtPDY+NG0Ig2NOc@6c48a","e5kQnYm9pPFaLMGPITJp7x@6c48a","e9NzTxfxxFGqN2yvIK2SQS@6c48a","edGZLp5uZANJEnDtzOq8HZ@6c48a","ee8BJ/OWxKR6Dph/wBRINs@6c48a","f1EXObBRVOLrm2hbIEq/J+@6c48a","f473A8TCZGCbHz3rvcDMw5@6c48a","f7BTQYMEZC6YKUV0GLuOY8@6c48a","f77sKcSqdPzpn391elv7zD@6c48a","f9uoxYfNJEzr0YPLcu1rIb@6c48a","fa6r9+4uxFMqpwe9TpzAdz@6c48a","fc/7mfNatJNY+VgVbYfBey@6c48a","ffCB7cwU5Jtppizaxf3TC2@6c48a","ffhBu2J6dPfLq/51Z7nQLg@6c48a"],["_textureSource","node","_parent","_cameraComponent","scene","_spriteFrame","_defaultClip"],["cc.SpriteFrame",["cc.Node",["_name","_id","_layer","_components","_parent","_children","_lpos"],0,9,1,2,5],["cc.UITransform",["node","_contentSize"],3,1,5],["cc.Sprite",["_sizeMode","node","_color","_spriteFrame"],2,1,5,6],["cc.SceneAsset",["_name"],2],["cc.Node",["_name","_layer","_parent","_components","_lscale"],1,1,12,5],["cc.Node",["_name","_parent","_components","_lpos"],2,1,2,5],["cc.Canvas",["node","_cameraComponent"],3,1,1],["cc.Widget",["_alignFlags","_top","_bottom","node"],0,1],["cc.Scene",["_name","_children","_globals"],2,12,4],["cc.SceneGlobals",["ambient","shadows","_skybox","fog","octree","skin","lightProbeInfo","postSettings"],3,4,4,4,4,4,4,4,4],["cc.AmbientInfo",["_skyColorHDR","_groundAlbedoHDR"],3,5,5],["cc.ShadowsInfo",["_shadowColor","_size"],3,5,5],["cc.SkyboxInfo",[],3],["cc.FogInfo",[],3],["cc.OctreeInfo",[],3],["cc.SkinInfo",["_enabled"],2],["cc.LightProbeInfo",[],3],["cc.PostSettingsInfo",[],3],["cc.Camera",["_projection","_orthoHeight","_near","_visibility","node","_color"],-1,1,5],["cc.Animation",["playOnLoad","node","_clips"],2,1,3],["de371MweHlLQoGbimaG0AdW",["node","LogoAnim"],3,1,1]],[[2,0,1,1],[4,0,2],[1,0,2,1,5,3,6,4],[1,0,1,4,3],[1,0,2,4,3,3],[1,0,1,4,3,3],[5,0,1,2,3,4,3],[6,0,1,2,3,2],[2,0,1],[7,0,1,1],[8,0,1,2,3,4],[9,0,1,2,2],[10,0,1,2,3,4,5,6,7,1],[11,0,1,1],[12,0,1,1],[13,1],[14,1],[15,1],[16,0,2],[17,1],[18,1],[3,1,1],[3,0,1,2,3,2],[19,0,1,2,3,4,5,5],[20,0,1,2,2],[21,0,1,1]],[[[{"name":"Elixir_Loading80","rect":{"x":212,"y":196,"width":88,"height":106},"offset":{"x":0,"y":7},"originalSize":{"width":512,"height":512},"rotated":false,"capInsets":[0,0,0,0],"vertices":{"rawPosition":[-44,-53,0,44,-53,0,-44,53,0,44,53,0],"indexes":[0,1,2,2,1,3],"uv":[212,316,300,316,212,210,300,210],"nuv":[0.4140625,0.41015625,0.5859375,0.41015625,0.4140625,0.6171875,0.5859375,0.6171875],"minPos":{"x":-44,"y":-53,"z":0},"maxPos":{"x":44,"y":53,"z":0}},"packable":true,"pixelsToUnit":100,"pivot":{"x":0.5,"y":0.5},"meshType":0}],[0],0,[0],[0],[1]],[[{"name":"Elixir_Loading71","rect":{"x":212,"y":196,"width":88,"height":106},"offset":{"x":0,"y":7},"originalSize":{"width":512,"height":512},"rotated":false,"capInsets":[0,0,0,0],"vertices":{"rawPosition":[-44,-53,0,44,-53,0,-44,53,0,44,53,0],"indexes":[0,1,2,2,1,3],"uv":[212,316,300,316,212,210,300,210],"nuv":[0.4140625,0.41015625,0.5859375,0.41015625,0.4140625,0.6171875,0.5859375,0.6171875],"minPos":{"x":-44,"y":-53,"z":0},"maxPos":{"x":44,"y":53,"z":0}},"packable":true,"pixelsToUnit":100,"pivot":{"x":0.5,"y":0.5},"meshType":0}],[0],0,[0],[0],[2]],[[{"name":"Elixir_Loading69","rect":{"x":212,"y":196,"width":88,"height":106},"offset":{"x":0,"y":7},"originalSize":{"width":512,"height":512},"rotated":false,"capInsets":[0,0,0,0],"vertices":{"rawPosition":[-44,-53,0,44,-53,0,-44,53,0,44,53,0],"indexes":[0,1,2,2,1,3],"uv":[212,316,300,316,212,210,300,210],"nuv":[0.4140625,0.41015625,0.5859375,0.41015625,0.4140625,0.6171875,0.5859375,0.6171875],"minPos":{"x":-44,"y":-53,"z":0},"maxPos":{"x":44,"y":53,"z":0}},"packable":true,"pixelsToUnit":100,"pivot":{"x":0.5,"y":0.5},"meshType":0}],[0],0,[0],[0],[3]],[[{"name":"Elixir_Loading62","rect":{"x":212,"y":196,"width":88,"height":106},"offset":{"x":0,"y":7},"originalSize":{"width":512,"height":512},"rotated":false,"capInsets":[0,0,0,0],"vertices":{"rawPosition":[-44,-53,0,44,-53,0,-44,53,0,44,53,0],"indexes":[0,1,2,2,1,3],"uv":[212,316,300,316,212,210,300,210],"nuv":[0.4140625,0.41015625,0.5859375,0.41015625,0.4140625,0.6171875,0.5859375,0.6171875],"minPos":{"x":-44,"y":-53,"z":0},"maxPos":{"x":44,"y":53,"z":0}},"packable":true,"pixelsToUnit":100,"pivot":{"x":0.5,"y":0.5},"meshType":0}],[0],0,[0],[0],[4]],[[{"name":"Elixir_Loading87","rect":{"x":212,"y":196,"width":88,"height":106},"offset":{"x":0,"y":7},"originalSize":{"width":512,"height":512},"rotated":false,"capInsets":[0,0,0,0],"vertices":{"rawPosition":[-44,-53,0,44,-53,0,-44,53,0,44,53,0],"indexes":[0,1,2,2,1,3],"uv":[212,316,300,316,212,210,300,210],"nuv":[0.4140625,0.41015625,0.5859375,0.41015625,0.4140625,0.6171875,0.5859375,0.6171875],"minPos":{"x":-44,"y":-53,"z":0},"maxPos":{"x":44,"y":53,"z":0}},"packable":true,"pixelsToUnit":100,"pivot":{"x":0.5,"y":0.5},"meshType":0}],[0],0,[0],[0],[5]],[[{"name":"Elixir_Loading46","rect":{"x":212,"y":196,"width":88,"height":106},"offset":{"x":0,"y":7},"originalSize":{"width":512,"height":512},"rotated":false,"capInsets":[0,0,0,0],"vertices":{"rawPosition":[-44,-53,0,44,-53,0,-44,53,0,44,53,0],"indexes":[0,1,2,2,1,3],"uv":[212,316,300,316,212,210,300,210],"nuv":[0.4140625,0.41015625,0.5859375,0.41015625,0.4140625,0.6171875,0.5859375,0.6171875],"minPos":{"x":-44,"y":-53,"z":0},"maxPos":{"x":44,"y":53,"z":0}},"packable":true,"pixelsToUnit":100,"pivot":{"x":0.5,"y":0.5},"meshType":0}],[0],0,[0],[0],[6]],[[{"name":"Elixir_Loading02","rect":{"x":511,"y":511,"width":1,"height":1},"offset":{"x":255.5,"y":-255.5},"originalSize":{"width":512,"height":512},"rotated":false,"capInsets":[0,0,0,0],"vertices":{"rawPosition":[-0.5,-0.5,0,0.5,-0.5,0,-0.5,0.5,0,0.5,0.5,0],"indexes":[0,1,2,2,1,3],"uv":[511,1,512,1,511,0,512,0],"nuv":[0.998046875,0,1,0,0.998046875,0.001953125,1,0.001953125],"minPos":{"x":-0.5,"y":-0.5,"z":0},"maxPos":{"x":0.5,"y":0.5,"z":0}},"packable":true,"pixelsToUnit":100,"pivot":{"x":0.5,"y":0.5},"meshType":0}],[0],0,[0],[0],[7]],[[{"name":"Elixir_Loading16","rect":{"x":511,"y":511,"width":1,"height":1},"offset":{"x":255.5,"y":-255.5},"originalSize":{"width":512,"height":512},"rotated":false,"capInsets":[0,0,0,0],"vertices":{"rawPosition":[-0.5,-0.5,0,0.5,-0.5,0,-0.5,0.5,0,0.5,0.5,0],"indexes":[0,1,2,2,1,3],"uv":[511,1,512,1,511,0,512,0],"nuv":[0.998046875,0,1,0,0.998046875,0.001953125,1,0.001953125],"minPos":{"x":-0.5,"y":-0.5,"z":0},"maxPos":{"x":0.5,"y":0.5,"z":0}},"packable":true,"pixelsToUnit":100,"pivot":{"x":0.5,"y":0.5},"meshType":0}],[0],0,[0],[0],[8]],[[{"name":"Elixir_Loading59","rect":{"x":212,"y":196,"width":88,"height":106},"offset":{"x":0,"y":7},"originalSize":{"width":512,"height":512},"rotated":false,"capInsets":[0,0,0,0],"vertices":{"rawPosition":[-44,-53,0,44,-53,0,-44,53,0,44,53,0],"indexes":[0,1,2,2,1,3],"uv":[212,316,300,316,212,210,300,210],"nuv":[0.4140625,0.41015625,0.5859375,0.41015625,0.4140625,0.6171875,0.5859375,0.6171875],"minPos":{"x":-44,"y":-53,"z":0},"maxPos":{"x":44,"y":53,"z":0}},"packable":true,"pixelsToUnit":100,"pivot":{"x":0.5,"y":0.5},"meshType":0}],[0],0,[0],[0],[9]],[[{"name":"Elixir_Loading37","rect":{"x":192,"y":176,"width":128,"height":147},"offset":{"x":0,"y":6.5},"originalSize":{"width":512,"height":512},"rotated":false,"capInsets":[0,0,0,0],"vertices":{"rawPosition":[-64,-73.5,0,64,-73.5,0,-64,73.5,0,64,73.5,0],"indexes":[0,1,2,2,1,3],"uv":[192,336,320,336,192,189,320,189],"nuv":[0.375,0.369140625,0.625,0.369140625,0.375,0.65625,0.625,0.65625],"minPos":{"x":-64,"y":-73.5,"z":0},"maxPos":{"x":64,"y":73.5,"z":0}},"packable":true,"pixelsToUnit":100,"pivot":{"x":0.5,"y":0.5},"meshType":0}],[0],0,[0],[0],[10]],[[{"name":"Elixir_Loading68","rect":{"x":212,"y":196,"width":88,"height":106},"offset":{"x":0,"y":7},"originalSize":{"width":512,"height":512},"rotated":false,"capInsets":[0,0,0,0],"vertices":{"rawPosition":[-44,-53,0,44,-53,0,-44,53,0,44,53,0],"indexes":[0,1,2,2,1,3],"uv":[212,316,300,316,212,210,300,210],"nuv":[0.4140625,0.41015625,0.5859375,0.41015625,0.4140625,0.6171875,0.5859375,0.6171875],"minPos":{"x":-44,"y":-53,"z":0},"maxPos":{"x":44,"y":53,"z":0}},"packable":true,"pixelsToUnit":100,"pivot":{"x":0.5,"y":0.5},"meshType":0}],[0],0,[0],[0],[11]],[[{"name":"Elixir_Loading85","rect":{"x":212,"y":196,"width":88,"height":106},"offset":{"x":0,"y":7},"originalSize":{"width":512,"height":512},"rotated":false,"capInsets":[0,0,0,0],"vertices":{"rawPosition":[-44,-53,0,44,-53,0,-44,53,0,44,53,0],"indexes":[0,1,2,2,1,3],"uv":[212,316,300,316,212,210,300,210],"nuv":[0.4140625,0.41015625,0.5859375,0.41015625,0.4140625,0.6171875,0.5859375,0.6171875],"minPos":{"x":-44,"y":-53,"z":0},"maxPos":{"x":44,"y":53,"z":0}},"packable":true,"pixelsToUnit":100,"pivot":{"x":0.5,"y":0.5},"meshType":0}],[0],0,[0],[0],[12]],[[{"name":"Elixir_Loading90","rect":{"x":511,"y":511,"width":1,"height":1},"offset":{"x":255.5,"y":-255.5},"originalSize":{"width":512,"height":512},"rotated":false,"capInsets":[0,0,0,0],"vertices":{"rawPosition":[-0.5,-0.5,0,0.5,-0.5,0,-0.5,0.5,0,0.5,0.5,0],"indexes":[0,1,2,2,1,3],"uv":[511,1,512,1,511,0,512,0],"nuv":[0.998046875,0,1,0,0.998046875,0.001953125,1,0.001953125],"minPos":{"x":-0.5,"y":-0.5,"z":0},"maxPos":{"x":0.5,"y":0.5,"z":0}},"packable":true,"pixelsToUnit":100,"pivot":{"x":0.5,"y":0.5},"meshType":0}],[0],0,[0],[0],[13]],[[{"name":"Elixir_Loading76","rect":{"x":212,"y":196,"width":88,"height":106},"offset":{"x":0,"y":7},"originalSize":{"width":512,"height":512},"rotated":false,"capInsets":[0,0,0,0],"vertices":{"rawPosition":[-44,-53,0,44,-53,0,-44,53,0,44,53,0],"indexes":[0,1,2,2,1,3],"uv":[212,316,300,316,212,210,300,210],"nuv":[0.4140625,0.41015625,0.5859375,0.41015625,0.4140625,0.6171875,0.5859375,0.6171875],"minPos":{"x":-44,"y":-53,"z":0},"maxPos":{"x":44,"y":53,"z":0}},"packable":true,"pixelsToUnit":100,"pivot":{"x":0.5,"y":0.5},"meshType":0}],[0],0,[0],[0],[14]],[[{"name":"Elixir_Loading73","rect":{"x":212,"y":196,"width":88,"height":106},"offset":{"x":0,"y":7},"originalSize":{"width":512,"height":512},"rotated":false,"capInsets":[0,0,0,0],"vertices":{"rawPosition":[-44,-53,0,44,-53,0,-44,53,0,44,53,0],"indexes":[0,1,2,2,1,3],"uv":[212,316,300,316,212,210,300,210],"nuv":[0.4140625,0.41015625,0.5859375,0.41015625,0.4140625,0.6171875,0.5859375,0.6171875],"minPos":{"x":-44,"y":-53,"z":0},"maxPos":{"x":44,"y":53,"z":0}},"packable":true,"pixelsToUnit":100,"pivot":{"x":0.5,"y":0.5},"meshType":0}],[0],0,[0],[0],[15]],[[{"name":"Elixir_Loading32","rect":{"x":203,"y":180,"width":108,"height":132},"offset":{"x":1,"y":10},"originalSize":{"width":512,"height":512},"rotated":false,"capInsets":[0,0,0,0],"vertices":{"rawPosition":[-54,-66,0,54,-66,0,-54,66,0,54,66,0],"indexes":[0,1,2,2,1,3],"uv":[203,332,311,332,203,200,311,200],"nuv":[0.396484375,0.390625,0.607421875,0.390625,0.396484375,0.6484375,0.607421875,0.6484375],"minPos":{"x":-54,"y":-66,"z":0},"maxPos":{"x":54,"y":66,"z":0}},"packable":true,"pixelsToUnit":100,"pivot":{"x":0.5,"y":0.5},"meshType":0}],[0],0,[0],[0],[16]],[[{"name":"Elixir_Loading56","rect":{"x":212,"y":196,"width":88,"height":106},"offset":{"x":0,"y":7},"originalSize":{"width":512,"height":512},"rotated":false,"capInsets":[0,0,0,0],"vertices":{"rawPosition":[-44,-53,0,44,-53,0,-44,53,0,44,53,0],"indexes":[0,1,2,2,1,3],"uv":[212,316,300,316,212,210,300,210],"nuv":[0.4140625,0.41015625,0.5859375,0.41015625,0.4140625,0.6171875,0.5859375,0.6171875],"minPos":{"x":-44,"y":-53,"z":0},"maxPos":{"x":44,"y":53,"z":0}},"packable":true,"pixelsToUnit":100,"pivot":{"x":0.5,"y":0.5},"meshType":0}],[0],0,[0],[0],[17]],[[{"name":"Elixir_Loading01","rect":{"x":511,"y":511,"width":1,"height":1},"offset":{"x":255.5,"y":-255.5},"originalSize":{"width":512,"height":512},"rotated":false,"capInsets":[0,0,0,0],"vertices":{"rawPosition":[-0.5,-0.5,0,0.5,-0.5,0,-0.5,0.5,0,0.5,0.5,0],"indexes":[0,1,2,2,1,3],"uv":[511,1,512,1,511,0,512,0],"nuv":[0.998046875,0,1,0,0.998046875,0.001953125,1,0.001953125],"minPos":{"x":-0.5,"y":-0.5,"z":0},"maxPos":{"x":0.5,"y":0.5,"z":0}},"packable":true,"pixelsToUnit":100,"pivot":{"x":0.5,"y":0.5},"meshType":0}],[0],0,[0],[0],[18]],[[{"name":"Elixir_Loading18","rect":{"x":248,"y":247,"width":14,"height":15},"offset":{"x":-1,"y":1.5},"originalSize":{"width":512,"height":512},"rotated":false,"capInsets":[0,0,0,0],"vertices":{"rawPosition":[-7,-7.5,0,7,-7.5,0,-7,7.5,0,7,7.5,0],"indexes":[0,1,2,2,1,3],"uv":[248,265,262,265,248,250,262,250],"nuv":[0.484375,0.48828125,0.51171875,0.48828125,0.484375,0.517578125,0.51171875,0.517578125],"minPos":{"x":-7,"y":-7.5,"z":0},"maxPos":{"x":7,"y":7.5,"z":0}},"packable":true,"pixelsToUnit":100,"pivot":{"x":0.5,"y":0.5},"meshType":0}],[0],0,[0],[0],[19]],[[{"name":"Elixir_Loading07","rect":{"x":511,"y":511,"width":1,"height":1},"offset":{"x":255.5,"y":-255.5},"originalSize":{"width":512,"height":512},"rotated":false,"capInsets":[0,0,0,0],"vertices":{"rawPosition":[-0.5,-0.5,0,0.5,-0.5,0,-0.5,0.5,0,0.5,0.5,0],"indexes":[0,1,2,2,1,3],"uv":[511,1,512,1,511,0,512,0],"nuv":[0.998046875,0,1,0,0.998046875,0.001953125,1,0.001953125],"minPos":{"x":-0.5,"y":-0.5,"z":0},"maxPos":{"x":0.5,"y":0.5,"z":0}},"packable":true,"pixelsToUnit":100,"pivot":{"x":0.5,"y":0.5},"meshType":0}],[0],0,[0],[0],[20]],[[{"name":"Elixir_Loading30","rect":{"x":212,"y":206,"width":119,"height":97},"offset":{"x":15.5,"y":1.5},"originalSize":{"width":512,"height":512},"rotated":false,"capInsets":[0,0,0,0],"vertices":{"rawPosition":[-59.5,-48.5,0,59.5,-48.5,0,-59.5,48.5,0,59.5,48.5,0],"indexes":[0,1,2,2,1,3],"uv":[212,306,331,306,212,209,331,209],"nuv":[0.4140625,0.408203125,0.646484375,0.408203125,0.4140625,0.59765625,0.646484375,0.59765625],"minPos":{"x":-59.5,"y":-48.5,"z":0},"maxPos":{"x":59.5,"y":48.5,"z":0}},"packable":true,"pixelsToUnit":100,"pivot":{"x":0.5,"y":0.5},"meshType":0}],[0],0,[0],[0],[21]],[[{"name":"Elixir_Loading74","rect":{"x":212,"y":196,"width":88,"height":106},"offset":{"x":0,"y":7},"originalSize":{"width":512,"height":512},"rotated":false,"capInsets":[0,0,0,0],"vertices":{"rawPosition":[-44,-53,0,44,-53,0,-44,53,0,44,53,0],"indexes":[0,1,2,2,1,3],"uv":[212,316,300,316,212,210,300,210],"nuv":[0.4140625,0.41015625,0.5859375,0.41015625,0.4140625,0.6171875,0.5859375,0.6171875],"minPos":{"x":-44,"y":-53,"z":0},"maxPos":{"x":44,"y":53,"z":0}},"packable":true,"pixelsToUnit":100,"pivot":{"x":0.5,"y":0.5},"meshType":0}],[0],0,[0],[0],[22]],[[{"name":"Elixir_Loading38","rect":{"x":195,"y":179,"width":122,"height":140},"offset":{"x":0,"y":7},"originalSize":{"width":512,"height":512},"rotated":false,"capInsets":[0,0,0,0],"vertices":{"rawPosition":[-61,-70,0,61,-70,0,-61,70,0,61,70,0],"indexes":[0,1,2,2,1,3],"uv":[195,333,317,333,195,193,317,193],"nuv":[0.380859375,0.376953125,0.619140625,0.376953125,0.380859375,0.650390625,0.619140625,0.650390625],"minPos":{"x":-61,"y":-70,"z":0},"maxPos":{"x":61,"y":70,"z":0}},"packable":true,"pixelsToUnit":100,"pivot":{"x":0.5,"y":0.5},"meshType":0}],[0],0,[0],[0],[23]],[[[1,"Logo"],[2,"Canvas",33554432,"beI88Z2HpFELqR4T5EMHpg",[-5,-6,-7],[[0,-1,[5,1920,1080]],[9,-3,-2],[10,45,5.684341886080802e-14,5.684341886080802e-14,-4]],[1,960,540,0]],[11,"Logo",[[1,[3,"--------------------------------------------","46VQ4NoQ5GyKpOTiWDqXQF",-8],-9],1,4,1],[12,[13,[2,0,0,0,0.520833125],[2,0,0,0,0]],[14,[4,4283190348],[0,512,512]],[15],[16],[17],[18,false],[19],[20]]],[6,"Logo",33554432,1,[[[8,-10],[21,-11],-12],4,4,1],[1,2,2,1]],[4,"background",33554432,1,[[0,-13,[5,1920,1080]],[22,0,-14,[4,4278190080],0]]],[7,"Camera",1,[-15],[1,0,0,1000]],[23,0,540,0,1108344832,5,[4,4278190080]],[24,true,3,[1]],[5,"@Controller","9cpyZ43N5BZotXi8k1QpNV",2,[[25,-16,7]]]],0,[0,1,1,0,3,6,0,1,1,0,1,1,0,-1,5,0,-2,4,0,-3,3,0,2,2,0,-3,8,0,1,3,0,1,3,0,-3,7,0,1,4,0,1,4,0,-1,6,0,1,8,0,4,2,1,2,2,16],[0,0,7],[5,-1,6],[24,0,0]],[[{"name":"Elixir_Loading86","rect":{"x":212,"y":196,"width":88,"height":106},"offset":{"x":0,"y":7},"originalSize":{"width":512,"height":512},"rotated":false,"capInsets":[0,0,0,0],"vertices":{"rawPosition":[-44,-53,0,44,-53,0,-44,53,0,44,53,0],"indexes":[0,1,2,2,1,3],"uv":[212,316,300,316,212,210,300,210],"nuv":[0.4140625,0.41015625,0.5859375,0.41015625,0.4140625,0.6171875,0.5859375,0.6171875],"minPos":{"x":-44,"y":-53,"z":0},"maxPos":{"x":44,"y":53,"z":0}},"packable":true,"pixelsToUnit":100,"pivot":{"x":0.5,"y":0.5},"meshType":0}],[0],0,[0],[0],[25]],[[{"name":"Elixir_Loading94","rect":{"x":511,"y":511,"width":1,"height":1},"offset":{"x":255.5,"y":-255.5},"originalSize":{"width":512,"height":512},"rotated":false,"capInsets":[0,0,0,0],"vertices":{"rawPosition":[-0.5,-0.5,0,0.5,-0.5,0,-0.5,0.5,0,0.5,0.5,0],"indexes":[0,1,2,2,1,3],"uv":[511,1,512,1,511,0,512,0],"nuv":[0.998046875,0,1,0,0.998046875,0.001953125,1,0.001953125],"minPos":{"x":-0.5,"y":-0.5,"z":0},"maxPos":{"x":0.5,"y":0.5,"z":0}},"packable":true,"pixelsToUnit":100,"pivot":{"x":0.5,"y":0.5},"meshType":0}],[0],0,[0],[0],[26]],[[{"name":"Elixir_Loading10","rect":{"x":511,"y":511,"width":1,"height":1},"offset":{"x":255.5,"y":-255.5},"originalSize":{"width":512,"height":512},"rotated":false,"capInsets":[0,0,0,0],"vertices":{"rawPosition":[-0.5,-0.5,0,0.5,-0.5,0,-0.5,0.5,0,0.5,0.5,0],"indexes":[0,1,2,2,1,3],"uv":[511,1,512,1,511,0,512,0],"nuv":[0.998046875,0,1,0,0.998046875,0.001953125,1,0.001953125],"minPos":{"x":-0.5,"y":-0.5,"z":0},"maxPos":{"x":0.5,"y":0.5,"z":0}},"packable":true,"pixelsToUnit":100,"pivot":{"x":0.5,"y":0.5},"meshType":0}],[0],0,[0],[0],[27]],[[{"name":"Elixir_Loading25","rect":{"x":226,"y":225,"width":66,"height":91},"offset":{"x":3,"y":-14.5},"originalSize":{"width":512,"height":512},"rotated":false,"capInsets":[0,0,0,0],"vertices":{"rawPosition":[-33,-45.5,0,33,-45.5,0,-33,45.5,0,33,45.5,0],"indexes":[0,1,2,2,1,3],"uv":[226,287,292,287,226,196,292,196],"nuv":[0.44140625,0.3828125,0.5703125,0.3828125,0.44140625,0.560546875,0.5703125,0.560546875],"minPos":{"x":-33,"y":-45.5,"z":0},"maxPos":{"x":33,"y":45.5,"z":0}},"packable":true,"pixelsToUnit":100,"pivot":{"x":0.5,"y":0.5},"meshType":0}],[0],0,[0],[0],[28]],[[{"name":"Elixir_Loading36","rect":{"x":189,"y":173,"width":134,"height":153},"offset":{"x":0,"y":6.5},"originalSize":{"width":512,"height":512},"rotated":false,"capInsets":[0,0,0,0],"vertices":{"rawPosition":[-67,-76.5,0,67,-76.5,0,-67,76.5,0,67,76.5,0],"indexes":[0,1,2,2,1,3],"uv":[189,339,323,339,189,186,323,186],"nuv":[0.369140625,0.36328125,0.630859375,0.36328125,0.369140625,0.662109375,0.630859375,0.662109375],"minPos":{"x":-67,"y":-76.5,"z":0},"maxPos":{"x":67,"y":76.5,"z":0}},"packable":true,"pixelsToUnit":100,"pivot":{"x":0.5,"y":0.5},"meshType":0}],[0],0,[0],[0],[29]],[[{"name":"Elixir_Loading04","rect":{"x":511,"y":511,"width":1,"height":1},"offset":{"x":255.5,"y":-255.5},"originalSize":{"width":512,"height":512},"rotated":false,"capInsets":[0,0,0,0],"vertices":{"rawPosition":[-0.5,-0.5,0,0.5,-0.5,0,-0.5,0.5,0,0.5,0.5,0],"indexes":[0,1,2,2,1,3],"uv":[511,1,512,1,511,0,512,0],"nuv":[0.998046875,0,1,0,0.998046875,0.001953125,1,0.001953125],"minPos":{"x":-0.5,"y":-0.5,"z":0},"maxPos":{"x":0.5,"y":0.5,"z":0}},"packable":true,"pixelsToUnit":100,"pivot":{"x":0.5,"y":0.5},"meshType":0}],[0],0,[0],[0],[30]],[[{"name":"Elixir_Loading41","rect":{"x":208,"y":191,"width":96,"height":115},"offset":{"x":0,"y":7.5},"originalSize":{"width":512,"height":512},"rotated":false,"capInsets":[0,0,0,0],"vertices":{"rawPosition":[-48,-57.5,0,48,-57.5,0,-48,57.5,0,48,57.5,0],"indexes":[0,1,2,2,1,3],"uv":[208,321,304,321,208,206,304,206],"nuv":[0.40625,0.40234375,0.59375,0.40234375,0.40625,0.626953125,0.59375,0.626953125],"minPos":{"x":-48,"y":-57.5,"z":0},"maxPos":{"x":48,"y":57.5,"z":0}},"packable":true,"pixelsToUnit":100,"pivot":{"x":0.5,"y":0.5},"meshType":0}],[0],0,[0],[0],[31]],[[{"name":"Elixir_Loading50","rect":{"x":212,"y":196,"width":88,"height":106},"offset":{"x":0,"y":7},"originalSize":{"width":512,"height":512},"rotated":false,"capInsets":[0,0,0,0],"vertices":{"rawPosition":[-44,-53,0,44,-53,0,-44,53,0,44,53,0],"indexes":[0,1,2,2,1,3],"uv":[212,316,300,316,212,210,300,210],"nuv":[0.4140625,0.41015625,0.5859375,0.41015625,0.4140625,0.6171875,0.5859375,0.6171875],"minPos":{"x":-44,"y":-53,"z":0},"maxPos":{"x":44,"y":53,"z":0}},"packable":true,"pixelsToUnit":100,"pivot":{"x":0.5,"y":0.5},"meshType":0}],[0],0,[0],[0],[32]],[[{"name":"Elixir_Loading00","rect":{"x":511,"y":511,"width":1,"height":1},"offset":{"x":255.5,"y":-255.5},"originalSize":{"width":512,"height":512},"rotated":false,"capInsets":[0,0,0,0],"vertices":{"rawPosition":[-0.5,-0.5,0,0.5,-0.5,0,-0.5,0.5,0,0.5,0.5,0],"indexes":[0,1,2,2,1,3],"uv":[511,1,512,1,511,0,512,0],"nuv":[0.998046875,0,1,0,0.998046875,0.001953125,1,0.001953125],"minPos":{"x":-0.5,"y":-0.5,"z":0},"maxPos":{"x":0.5,"y":0.5,"z":0}},"packable":true,"pixelsToUnit":100,"pivot":{"x":0.5,"y":0.5},"meshType":0}],[0],0,[0],[0],[33]],[[{"name":"Elixir_Loading82","rect":{"x":212,"y":196,"width":88,"height":106},"offset":{"x":0,"y":7},"originalSize":{"width":512,"height":512},"rotated":false,"capInsets":[0,0,0,0],"vertices":{"rawPosition":[-44,-53,0,44,-53,0,-44,53,0,44,53,0],"indexes":[0,1,2,2,1,3],"uv":[212,316,300,316,212,210,300,210],"nuv":[0.4140625,0.41015625,0.5859375,0.41015625,0.4140625,0.6171875,0.5859375,0.6171875],"minPos":{"x":-44,"y":-53,"z":0},"maxPos":{"x":44,"y":53,"z":0}},"packable":true,"pixelsToUnit":100,"pivot":{"x":0.5,"y":0.5},"meshType":0}],[0],0,[0],[0],[34]],[[{"name":"Elixir_Loading58","rect":{"x":212,"y":196,"width":88,"height":106},"offset":{"x":0,"y":7},"originalSize":{"width":512,"height":512},"rotated":false,"capInsets":[0,0,0,0],"vertices":{"rawPosition":[-44,-53,0,44,-53,0,-44,53,0,44,53,0],"indexes":[0,1,2,2,1,3],"uv":[212,316,300,316,212,210,300,210],"nuv":[0.4140625,0.41015625,0.5859375,0.41015625,0.4140625,0.6171875,0.5859375,0.6171875],"minPos":{"x":-44,"y":-53,"z":0},"maxPos":{"x":44,"y":53,"z":0}},"packable":true,"pixelsToUnit":100,"pivot":{"x":0.5,"y":0.5},"meshType":0}],[0],0,[0],[0],[35]],[[{"name":"Elixir_Loading60","rect":{"x":212,"y":196,"width":88,"height":106},"offset":{"x":0,"y":7},"originalSize":{"width":512,"height":512},"rotated":false,"capInsets":[0,0,0,0],"vertices":{"rawPosition":[-44,-53,0,44,-53,0,-44,53,0,44,53,0],"indexes":[0,1,2,2,1,3],"uv":[212,316,300,316,212,210,300,210],"nuv":[0.4140625,0.41015625,0.5859375,0.41015625,0.4140625,0.6171875,0.5859375,0.6171875],"minPos":{"x":-44,"y":-53,"z":0},"maxPos":{"x":44,"y":53,"z":0}},"packable":true,"pixelsToUnit":100,"pivot":{"x":0.5,"y":0.5},"meshType":0}],[0],0,[0],[0],[36]],[[{"name":"Elixir_Loading06","rect":{"x":511,"y":511,"width":1,"height":1},"offset":{"x":255.5,"y":-255.5},"originalSize":{"width":512,"height":512},"rotated":false,"capInsets":[0,0,0,0],"vertices":{"rawPosition":[-0.5,-0.5,0,0.5,-0.5,0,-0.5,0.5,0,0.5,0.5,0],"indexes":[0,1,2,2,1,3],"uv":[511,1,512,1,511,0,512,0],"nuv":[0.998046875,0,1,0,0.998046875,0.001953125,1,0.001953125],"minPos":{"x":-0.5,"y":-0.5,"z":0},"maxPos":{"x":0.5,"y":0.5,"z":0}},"packable":true,"pixelsToUnit":100,"pivot":{"x":0.5,"y":0.5},"meshType":0}],[0],0,[0],[0],[37]],[[{"name":"Elixir_Loading93","rect":{"x":511,"y":511,"width":1,"height":1},"offset":{"x":255.5,"y":-255.5},"originalSize":{"width":512,"height":512},"rotated":false,"capInsets":[0,0,0,0],"vertices":{"rawPosition":[-0.5,-0.5,0,0.5,-0.5,0,-0.5,0.5,0,0.5,0.5,0],"indexes":[0,1,2,2,1,3],"uv":[511,1,512,1,511,0,512,0],"nuv":[0.998046875,0,1,0,0.998046875,0.001953125,1,0.001953125],"minPos":{"x":-0.5,"y":-0.5,"z":0},"maxPos":{"x":0.5,"y":0.5,"z":0}},"packable":true,"pixelsToUnit":100,"pivot":{"x":0.5,"y":0.5},"meshType":0}],[0],0,[0],[0],[38]],[[{"name":"Elixir_Loading23","rect":{"x":226,"y":233,"width":52,"height":66},"offset":{"x":-4,"y":-10},"originalSize":{"width":512,"height":512},"rotated":false,"capInsets":[0,0,0,0],"vertices":{"rawPosition":[-26,-33,0,26,-33,0,-26,33,0,26,33,0],"indexes":[0,1,2,2,1,3],"uv":[226,279,278,279,226,213,278,213],"nuv":[0.44140625,0.416015625,0.54296875,0.416015625,0.44140625,0.544921875,0.54296875,0.544921875],"minPos":{"x":-26,"y":-33,"z":0},"maxPos":{"x":26,"y":33,"z":0}},"packable":true,"pixelsToUnit":100,"pivot":{"x":0.5,"y":0.5},"meshType":0}],[0],0,[0],[0],[39]],[[{"name":"Elixir_Loading44","rect":{"x":212,"y":196,"width":88,"height":106},"offset":{"x":0,"y":7},"originalSize":{"width":512,"height":512},"rotated":false,"capInsets":[0,0,0,0],"vertices":{"rawPosition":[-44,-53,0,44,-53,0,-44,53,0,44,53,0],"indexes":[0,1,2,2,1,3],"uv":[212,316,300,316,212,210,300,210],"nuv":[0.4140625,0.41015625,0.5859375,0.41015625,0.4140625,0.6171875,0.5859375,0.6171875],"minPos":{"x":-44,"y":-53,"z":0},"maxPos":{"x":44,"y":53,"z":0}},"packable":true,"pixelsToUnit":100,"pivot":{"x":0.5,"y":0.5},"meshType":0}],[0],0,[0],[0],[40]],[[{"name":"Elixir_Loading21","rect":{"x":224,"y":239,"width":48,"height":38},"offset":{"x":-8,"y":-2},"originalSize":{"width":512,"height":512},"rotated":false,"capInsets":[0,0,0,0],"vertices":{"rawPosition":[-24,-19,0,24,-19,0,-24,19,0,24,19,0],"indexes":[0,1,2,2,1,3],"uv":[224,273,272,273,224,235,272,235],"nuv":[0.4375,0.458984375,0.53125,0.458984375,0.4375,0.533203125,0.53125,0.533203125],"minPos":{"x":-24,"y":-19,"z":0},"maxPos":{"x":24,"y":19,"z":0}},"packable":true,"pixelsToUnit":100,"pivot":{"x":0.5,"y":0.5},"meshType":0}],[0],0,[0],[0],[41]],[[{"name":"Elixir_Loading84","rect":{"x":212,"y":196,"width":88,"height":106},"offset":{"x":0,"y":7},"originalSize":{"width":512,"height":512},"rotated":false,"capInsets":[0,0,0,0],"vertices":{"rawPosition":[-44,-53,0,44,-53,0,-44,53,0,44,53,0],"indexes":[0,1,2,2,1,3],"uv":[212,316,300,316,212,210,300,210],"nuv":[0.4140625,0.41015625,0.5859375,0.41015625,0.4140625,0.6171875,0.5859375,0.6171875],"minPos":{"x":-44,"y":-53,"z":0},"maxPos":{"x":44,"y":53,"z":0}},"packable":true,"pixelsToUnit":100,"pivot":{"x":0.5,"y":0.5},"meshType":0}],[0],0,[0],[0],[42]],[[{"name":"Elixir_Loading05","rect":{"x":511,"y":511,"width":1,"height":1},"offset":{"x":255.5,"y":-255.5},"originalSize":{"width":512,"height":512},"rotated":false,"capInsets":[0,0,0,0],"vertices":{"rawPosition":[-0.5,-0.5,0,0.5,-0.5,0,-0.5,0.5,0,0.5,0.5,0],"indexes":[0,1,2,2,1,3],"uv":[511,1,512,1,511,0,512,0],"nuv":[0.998046875,0,1,0,0.998046875,0.001953125,1,0.001953125],"minPos":{"x":-0.5,"y":-0.5,"z":0},"maxPos":{"x":0.5,"y":0.5,"z":0}},"packable":true,"pixelsToUnit":100,"pivot":{"x":0.5,"y":0.5},"meshType":0}],[0],0,[0],[0],[43]],[[{"name":"Elixir_Loading66","rect":{"x":212,"y":196,"width":88,"height":106},"offset":{"x":0,"y":7},"originalSize":{"width":512,"height":512},"rotated":false,"capInsets":[0,0,0,0],"vertices":{"rawPosition":[-44,-53,0,44,-53,0,-44,53,0,44,53,0],"indexes":[0,1,2,2,1,3],"uv":[212,316,300,316,212,210,300,210],"nuv":[0.4140625,0.41015625,0.5859375,0.41015625,0.4140625,0.6171875,0.5859375,0.6171875],"minPos":{"x":-44,"y":-53,"z":0},"maxPos":{"x":44,"y":53,"z":0}},"packable":true,"pixelsToUnit":100,"pivot":{"x":0.5,"y":0.5},"meshType":0}],[0],0,[0],[0],[44]],[[{"name":"Elixir_Loading91","rect":{"x":511,"y":511,"width":1,"height":1},"offset":{"x":255.5,"y":-255.5},"originalSize":{"width":512,"height":512},"rotated":false,"capInsets":[0,0,0,0],"vertices":{"rawPosition":[-0.5,-0.5,0,0.5,-0.5,0,-0.5,0.5,0,0.5,0.5,0],"indexes":[0,1,2,2,1,3],"uv":[511,1,512,1,511,0,512,0],"nuv":[0.998046875,0,1,0,0.998046875,0.001953125,1,0.001953125],"minPos":{"x":-0.5,"y":-0.5,"z":0},"maxPos":{"x":0.5,"y":0.5,"z":0}},"packable":true,"pixelsToUnit":100,"pivot":{"x":0.5,"y":0.5},"meshType":0}],[0],0,[0],[0],[45]],[[{"name":"Elixir_Loading89","rect":{"x":511,"y":511,"width":1,"height":1},"offset":{"x":255.5,"y":-255.5},"originalSize":{"width":512,"height":512},"rotated":false,"capInsets":[0,0,0,0],"vertices":{"rawPosition":[-0.5,-0.5,0,0.5,-0.5,0,-0.5,0.5,0,0.5,0.5,0],"indexes":[0,1,2,2,1,3],"uv":[511,1,512,1,511,0,512,0],"nuv":[0.998046875,0,1,0,0.998046875,0.001953125,1,0.001953125],"minPos":{"x":-0.5,"y":-0.5,"z":0},"maxPos":{"x":0.5,"y":0.5,"z":0}},"packable":true,"pixelsToUnit":100,"pivot":{"x":0.5,"y":0.5},"meshType":0}],[0],0,[0],[0],[46]],[[{"name":"Elixir_Loading22","rect":{"x":222,"y":236,"width":53,"height":52},"offset":{"x":-7.5,"y":-6},"originalSize":{"width":512,"height":512},"rotated":false,"capInsets":[0,0,0,0],"vertices":{"rawPosition":[-26.5,-26,0,26.5,-26,0,-26.5,26,0,26.5,26,0],"indexes":[0,1,2,2,1,3],"uv":[222,276,275,276,222,224,275,224],"nuv":[0.43359375,0.4375,0.537109375,0.4375,0.43359375,0.5390625,0.537109375,0.5390625],"minPos":{"x":-26.5,"y":-26,"z":0},"maxPos":{"x":26.5,"y":26,"z":0}},"packable":true,"pixelsToUnit":100,"pivot":{"x":0.5,"y":0.5},"meshType":0}],[0],0,[0],[0],[47]],[[{"name":"Elixir_Loading48","rect":{"x":212,"y":196,"width":88,"height":106},"offset":{"x":0,"y":7},"originalSize":{"width":512,"height":512},"rotated":false,"capInsets":[0,0,0,0],"vertices":{"rawPosition":[-44,-53,0,44,-53,0,-44,53,0,44,53,0],"indexes":[0,1,2,2,1,3],"uv":[212,316,300,316,212,210,300,210],"nuv":[0.4140625,0.41015625,0.5859375,0.41015625,0.4140625,0.6171875,0.5859375,0.6171875],"minPos":{"x":-44,"y":-53,"z":0},"maxPos":{"x":44,"y":53,"z":0}},"packable":true,"pixelsToUnit":100,"pivot":{"x":0.5,"y":0.5},"meshType":0}],[0],0,[0],[0],[48]],[[{"name":"Elixir_Loading20","rect":{"x":229,"y":242,"width":40,"height":28},"offset":{"x":-7,"y":0},"originalSize":{"width":512,"height":512},"rotated":false,"capInsets":[0,0,0,0],"vertices":{"rawPosition":[-20,-14,0,20,-14,0,-20,14,0,20,14,0],"indexes":[0,1,2,2,1,3],"uv":[229,270,269,270,229,242,269,242],"nuv":[0.447265625,0.47265625,0.525390625,0.47265625,0.447265625,0.52734375,0.525390625,0.52734375],"minPos":{"x":-20,"y":-14,"z":0},"maxPos":{"x":20,"y":14,"z":0}},"packable":true,"pixelsToUnit":100,"pivot":{"x":0.5,"y":0.5},"meshType":0}],[0],0,[0],[0],[49]],[[{"name":"Elixir_Loading17","rect":{"x":253,"y":252,"width":6,"height":7},"offset":{"x":0,"y":0.5},"originalSize":{"width":512,"height":512},"rotated":false,"capInsets":[0,0,0,0],"vertices":{"rawPosition":[-3,-3.5,0,3,-3.5,0,-3,3.5,0,3,3.5,0],"indexes":[0,1,2,2,1,3],"uv":[253,260,259,260,253,253,259,253],"nuv":[0.494140625,0.494140625,0.505859375,0.494140625,0.494140625,0.5078125,0.505859375,0.5078125],"minPos":{"x":-3,"y":-3.5,"z":0},"maxPos":{"x":3,"y":3.5,"z":0}},"packable":true,"pixelsToUnit":100,"pivot":{"x":0.5,"y":0.5},"meshType":0}],[0],0,[0],[0],[50]],[[{"name":"Elixir_Loading79","rect":{"x":212,"y":196,"width":88,"height":106},"offset":{"x":0,"y":7},"originalSize":{"width":512,"height":512},"rotated":false,"capInsets":[0,0,0,0],"vertices":{"rawPosition":[-44,-53,0,44,-53,0,-44,53,0,44,53,0],"indexes":[0,1,2,2,1,3],"uv":[212,316,300,316,212,210,300,210],"nuv":[0.4140625,0.41015625,0.5859375,0.41015625,0.4140625,0.6171875,0.5859375,0.6171875],"minPos":{"x":-44,"y":-53,"z":0},"maxPos":{"x":44,"y":53,"z":0}},"packable":true,"pixelsToUnit":100,"pivot":{"x":0.5,"y":0.5},"meshType":0}],[0],0,[0],[0],[51]],[[{"name":"Elixir_Loading08","rect":{"x":511,"y":511,"width":1,"height":1},"offset":{"x":255.5,"y":-255.5},"originalSize":{"width":512,"height":512},"rotated":false,"capInsets":[0,0,0,0],"vertices":{"rawPosition":[-0.5,-0.5,0,0.5,-0.5,0,-0.5,0.5,0,0.5,0.5,0],"indexes":[0,1,2,2,1,3],"uv":[511,1,512,1,511,0,512,0],"nuv":[0.998046875,0,1,0,0.998046875,0.001953125,1,0.001953125],"minPos":{"x":-0.5,"y":-0.5,"z":0},"maxPos":{"x":0.5,"y":0.5,"z":0}},"packable":true,"pixelsToUnit":100,"pivot":{"x":0.5,"y":0.5},"meshType":0}],[0],0,[0],[0],[52]],[[{"name":"Elixir_Loading88","rect":{"x":511,"y":511,"width":1,"height":1},"offset":{"x":255.5,"y":-255.5},"originalSize":{"width":512,"height":512},"rotated":false,"capInsets":[0,0,0,0],"vertices":{"rawPosition":[-0.5,-0.5,0,0.5,-0.5,0,-0.5,0.5,0,0.5,0.5,0],"indexes":[0,1,2,2,1,3],"uv":[511,1,512,1,511,0,512,0],"nuv":[0.998046875,0,1,0,0.998046875,0.001953125,1,0.001953125],"minPos":{"x":-0.5,"y":-0.5,"z":0},"maxPos":{"x":0.5,"y":0.5,"z":0}},"packable":true,"pixelsToUnit":100,"pivot":{"x":0.5,"y":0.5},"meshType":0}],[0],0,[0],[0],[53]],[[{"name":"Elixir_Loading63","rect":{"x":212,"y":196,"width":88,"height":106},"offset":{"x":0,"y":7},"originalSize":{"width":512,"height":512},"rotated":false,"capInsets":[0,0,0,0],"vertices":{"rawPosition":[-44,-53,0,44,-53,0,-44,53,0,44,53,0],"indexes":[0,1,2,2,1,3],"uv":[212,316,300,316,212,210,300,210],"nuv":[0.4140625,0.41015625,0.5859375,0.41015625,0.4140625,0.6171875,0.5859375,0.6171875],"minPos":{"x":-44,"y":-53,"z":0},"maxPos":{"x":44,"y":53,"z":0}},"packable":true,"pixelsToUnit":100,"pivot":{"x":0.5,"y":0.5},"meshType":0}],[0],0,[0],[0],[54]],[[{"name":"Elixir_Loading09","rect":{"x":511,"y":511,"width":1,"height":1},"offset":{"x":255.5,"y":-255.5},"originalSize":{"width":512,"height":512},"rotated":false,"capInsets":[0,0,0,0],"vertices":{"rawPosition":[-0.5,-0.5,0,0.5,-0.5,0,-0.5,0.5,0,0.5,0.5,0],"indexes":[0,1,2,2,1,3],"uv":[511,1,512,1,511,0,512,0],"nuv":[0.998046875,0,1,0,0.998046875,0.001953125,1,0.001953125],"minPos":{"x":-0.5,"y":-0.5,"z":0},"maxPos":{"x":0.5,"y":0.5,"z":0}},"packable":true,"pixelsToUnit":100,"pivot":{"x":0.5,"y":0.5},"meshType":0}],[0],0,[0],[0],[55]],[[{"name":"Elixir_Loading43","rect":{"x":211,"y":195,"width":90,"height":107},"offset":{"x":0,"y":7.5},"originalSize":{"width":512,"height":512},"rotated":false,"capInsets":[0,0,0,0],"vertices":{"rawPosition":[-45,-53.5,0,45,-53.5,0,-45,53.5,0,45,53.5,0],"indexes":[0,1,2,2,1,3],"uv":[211,317,301,317,211,210,301,210],"nuv":[0.412109375,0.41015625,0.587890625,0.41015625,0.412109375,0.619140625,0.587890625,0.619140625],"minPos":{"x":-45,"y":-53.5,"z":0},"maxPos":{"x":45,"y":53.5,"z":0}},"packable":true,"pixelsToUnit":100,"pivot":{"x":0.5,"y":0.5},"meshType":0}],[0],0,[0],[0],[56]],[[{"name":"Elixir_Loading11","rect":{"x":511,"y":511,"width":1,"height":1},"offset":{"x":255.5,"y":-255.5},"originalSize":{"width":512,"height":512},"rotated":false,"capInsets":[0,0,0,0],"vertices":{"rawPosition":[-0.5,-0.5,0,0.5,-0.5,0,-0.5,0.5,0,0.5,0.5,0],"indexes":[0,1,2,2,1,3],"uv":[511,1,512,1,511,0,512,0],"nuv":[0.998046875,0,1,0,0.998046875,0.001953125,1,0.001953125],"minPos":{"x":-0.5,"y":-0.5,"z":0},"maxPos":{"x":0.5,"y":0.5,"z":0}},"packable":true,"pixelsToUnit":100,"pivot":{"x":0.5,"y":0.5},"meshType":0}],[0],0,[0],[0],[57]],[[{"name":"background","rect":{"x":0,"y":0,"width":1355,"height":720},"offset":{"x":0,"y":0},"originalSize":{"width":1355,"height":720},"rotated":false,"capInsets":[0,0,0,0],"vertices":{"rawPosition":[-677.5,-360,0,677.5,-360,0,-677.5,360,0,677.5,360,0],"indexes":[0,1,2,2,1,3],"uv":[0,720,1355,720,0,0,1355,0],"nuv":[0,0,1,0,0,1,1,1],"minPos":{"x":-677.5,"y":-360,"z":0},"maxPos":{"x":677.5,"y":360,"z":0}},"packable":true,"pixelsToUnit":100,"pivot":{"x":0.5,"y":0.5},"meshType":0}],[0],0,[0],[0],[58]],[[{"name":"Elixir_Loading95","rect":{"x":511,"y":511,"width":1,"height":1},"offset":{"x":255.5,"y":-255.5},"originalSize":{"width":512,"height":512},"rotated":false,"capInsets":[0,0,0,0],"vertices":{"rawPosition":[-0.5,-0.5,0,0.5,-0.5,0,-0.5,0.5,0,0.5,0.5,0],"indexes":[0,1,2,2,1,3],"uv":[511,1,512,1,511,0,512,0],"nuv":[0.998046875,0,1,0,0.998046875,0.001953125,1,0.001953125],"minPos":{"x":-0.5,"y":-0.5,"z":0},"maxPos":{"x":0.5,"y":0.5,"z":0}},"packable":true,"pixelsToUnit":100,"pivot":{"x":0.5,"y":0.5},"meshType":0}],[0],0,[0],[0],[59]],[[{"name":"Elixir_Loading39","rect":{"x":199,"y":183,"width":114,"height":133},"offset":{"x":0,"y":6.5},"originalSize":{"width":512,"height":512},"rotated":false,"capInsets":[0,0,0,0],"vertices":{"rawPosition":[-57,-66.5,0,57,-66.5,0,-57,66.5,0,57,66.5,0],"indexes":[0,1,2,2,1,3],"uv":[199,329,313,329,199,196,313,196],"nuv":[0.388671875,0.3828125,0.611328125,0.3828125,0.388671875,0.642578125,0.611328125,0.642578125],"minPos":{"x":-57,"y":-66.5,"z":0},"maxPos":{"x":57,"y":66.5,"z":0}},"packable":true,"pixelsToUnit":100,"pivot":{"x":0.5,"y":0.5},"meshType":0}],[0],0,[0],[0],[60]],[[{"name":"Elixir_Loading54","rect":{"x":212,"y":196,"width":88,"height":106},"offset":{"x":0,"y":7},"originalSize":{"width":512,"height":512},"rotated":false,"capInsets":[0,0,0,0],"vertices":{"rawPosition":[-44,-53,0,44,-53,0,-44,53,0,44,53,0],"indexes":[0,1,2,2,1,3],"uv":[212,316,300,316,212,210,300,210],"nuv":[0.4140625,0.41015625,0.5859375,0.41015625,0.4140625,0.6171875,0.5859375,0.6171875],"minPos":{"x":-44,"y":-53,"z":0},"maxPos":{"x":44,"y":53,"z":0}},"packable":true,"pixelsToUnit":100,"pivot":{"x":0.5,"y":0.5},"meshType":0}],[0],0,[0],[0],[61]],[[{"name":"Elixir_Loading13","rect":{"x":511,"y":511,"width":1,"height":1},"offset":{"x":255.5,"y":-255.5},"originalSize":{"width":512,"height":512},"rotated":false,"capInsets":[0,0,0,0],"vertices":{"rawPosition":[-0.5,-0.5,0,0.5,-0.5,0,-0.5,0.5,0,0.5,0.5,0],"indexes":[0,1,2,2,1,3],"uv":[511,1,512,1,511,0,512,0],"nuv":[0.998046875,0,1,0,0.998046875,0.001953125,1,0.001953125],"minPos":{"x":-0.5,"y":-0.5,"z":0},"maxPos":{"x":0.5,"y":0.5,"z":0}},"packable":true,"pixelsToUnit":100,"pivot":{"x":0.5,"y":0.5},"meshType":0}],[0],0,[0],[0],[62]],[[{"name":"Elixir_Loading34","rect":{"x":198,"y":175,"width":117,"height":143},"offset":{"x":0.5,"y":9.5},"originalSize":{"width":512,"height":512},"rotated":false,"capInsets":[0,0,0,0],"vertices":{"rawPosition":[-58.5,-71.5,0,58.5,-71.5,0,-58.5,71.5,0,58.5,71.5,0],"indexes":[0,1,2,2,1,3],"uv":[198,337,315,337,198,194,315,194],"nuv":[0.38671875,0.37890625,0.615234375,0.37890625,0.38671875,0.658203125,0.615234375,0.658203125],"minPos":{"x":-58.5,"y":-71.5,"z":0},"maxPos":{"x":58.5,"y":71.5,"z":0}},"packable":true,"pixelsToUnit":100,"pivot":{"x":0.5,"y":0.5},"meshType":0}],[0],0,[0],[0],[63]],[[{"name":"Elixir_Loading24","rect":{"x":229,"y":228,"width":54,"height":84},"offset":{"x":0,"y":-14},"originalSize":{"width":512,"height":512},"rotated":false,"capInsets":[0,0,0,0],"vertices":{"rawPosition":[-27,-42,0,27,-42,0,-27,42,0,27,42,0],"indexes":[0,1,2,2,1,3],"uv":[229,284,283,284,229,200,283,200],"nuv":[0.447265625,0.390625,0.552734375,0.390625,0.447265625,0.5546875,0.552734375,0.5546875],"minPos":{"x":-27,"y":-42,"z":0},"maxPos":{"x":27,"y":42,"z":0}},"packable":true,"pixelsToUnit":100,"pivot":{"x":0.5,"y":0.5},"meshType":0}],[0],0,[0],[0],[64]],[[{"name":"Elixir_Loading26","rect":{"x":224,"y":222,"width":85,"height":93},"offset":{"x":10.5,"y":-12.5},"originalSize":{"width":512,"height":512},"rotated":false,"capInsets":[0,0,0,0],"vertices":{"rawPosition":[-42.5,-46.5,0,42.5,-46.5,0,-42.5,46.5,0,42.5,46.5,0],"indexes":[0,1,2,2,1,3],"uv":[224,290,309,290,224,197,309,197],"nuv":[0.4375,0.384765625,0.603515625,0.384765625,0.4375,0.56640625,0.603515625,0.56640625],"minPos":{"x":-42.5,"y":-46.5,"z":0},"maxPos":{"x":42.5,"y":46.5,"z":0}},"packable":true,"pixelsToUnit":100,"pivot":{"x":0.5,"y":0.5},"meshType":0}],[0],0,[0],[0],[65]],[[{"name":"Elixir_Loading67","rect":{"x":212,"y":196,"width":88,"height":106},"offset":{"x":0,"y":7},"originalSize":{"width":512,"height":512},"rotated":false,"capInsets":[0,0,0,0],"vertices":{"rawPosition":[-44,-53,0,44,-53,0,-44,53,0,44,53,0],"indexes":[0,1,2,2,1,3],"uv":[212,316,300,316,212,210,300,210],"nuv":[0.4140625,0.41015625,0.5859375,0.41015625,0.4140625,0.6171875,0.5859375,0.6171875],"minPos":{"x":-44,"y":-53,"z":0},"maxPos":{"x":44,"y":53,"z":0}},"packable":true,"pixelsToUnit":100,"pivot":{"x":0.5,"y":0.5},"meshType":0}],[0],0,[0],[0],[66]],[[{"name":"Elixir_Loading52","rect":{"x":212,"y":196,"width":88,"height":106},"offset":{"x":0,"y":7},"originalSize":{"width":512,"height":512},"rotated":false,"capInsets":[0,0,0,0],"vertices":{"rawPosition":[-44,-53,0,44,-53,0,-44,53,0,44,53,0],"indexes":[0,1,2,2,1,3],"uv":[212,316,300,316,212,210,300,210],"nuv":[0.4140625,0.41015625,0.5859375,0.41015625,0.4140625,0.6171875,0.5859375,0.6171875],"minPos":{"x":-44,"y":-53,"z":0},"maxPos":{"x":44,"y":53,"z":0}},"packable":true,"pixelsToUnit":100,"pivot":{"x":0.5,"y":0.5},"meshType":0}],[0],0,[0],[0],[67]],[[{"name":"Elixir_Loading28","rect":{"x":217,"y":215,"width":116,"height":82},"offset":{"x":19,"y":0},"originalSize":{"width":512,"height":512},"rotated":false,"capInsets":[0,0,0,0],"vertices":{"rawPosition":[-58,-41,0,58,-41,0,-58,41,0,58,41,0],"indexes":[0,1,2,2,1,3],"uv":[217,297,333,297,217,215,333,215],"nuv":[0.423828125,0.419921875,0.650390625,0.419921875,0.423828125,0.580078125,0.650390625,0.580078125],"minPos":{"x":-58,"y":-41,"z":0},"maxPos":{"x":58,"y":41,"z":0}},"packable":true,"pixelsToUnit":100,"pivot":{"x":0.5,"y":0.5},"meshType":0}],[0],0,[0],[0],[68]],[[{"name":"Elixir_Loading65","rect":{"x":212,"y":196,"width":88,"height":106},"offset":{"x":0,"y":7},"originalSize":{"width":512,"height":512},"rotated":false,"capInsets":[0,0,0,0],"vertices":{"rawPosition":[-44,-53,0,44,-53,0,-44,53,0,44,53,0],"indexes":[0,1,2,2,1,3],"uv":[212,316,300,316,212,210,300,210],"nuv":[0.4140625,0.41015625,0.5859375,0.41015625,0.4140625,0.6171875,0.5859375,0.6171875],"minPos":{"x":-44,"y":-53,"z":0},"maxPos":{"x":44,"y":53,"z":0}},"packable":true,"pixelsToUnit":100,"pivot":{"x":0.5,"y":0.5},"meshType":0}],[0],0,[0],[0],[69]],[[{"name":"Elixir_Loading53","rect":{"x":212,"y":196,"width":88,"height":106},"offset":{"x":0,"y":7},"originalSize":{"width":512,"height":512},"rotated":false,"capInsets":[0,0,0,0],"vertices":{"rawPosition":[-44,-53,0,44,-53,0,-44,53,0,44,53,0],"indexes":[0,1,2,2,1,3],"uv":[212,316,300,316,212,210,300,210],"nuv":[0.4140625,0.41015625,0.5859375,0.41015625,0.4140625,0.6171875,0.5859375,0.6171875],"minPos":{"x":-44,"y":-53,"z":0},"maxPos":{"x":44,"y":53,"z":0}},"packable":true,"pixelsToUnit":100,"pivot":{"x":0.5,"y":0.5},"meshType":0}],[0],0,[0],[0],[70]],[[{"name":"Elixir_Loading55","rect":{"x":212,"y":196,"width":88,"height":106},"offset":{"x":0,"y":7},"originalSize":{"width":512,"height":512},"rotated":false,"capInsets":[0,0,0,0],"vertices":{"rawPosition":[-44,-53,0,44,-53,0,-44,53,0,44,53,0],"indexes":[0,1,2,2,1,3],"uv":[212,316,300,316,212,210,300,210],"nuv":[0.4140625,0.41015625,0.5859375,0.41015625,0.4140625,0.6171875,0.5859375,0.6171875],"minPos":{"x":-44,"y":-53,"z":0},"maxPos":{"x":44,"y":53,"z":0}},"packable":true,"pixelsToUnit":100,"pivot":{"x":0.5,"y":0.5},"meshType":0}],[0],0,[0],[0],[71]],[[{"name":"Elixir_Loading40","rect":{"x":205,"y":189,"width":102,"height":120},"offset":{"x":0,"y":7},"originalSize":{"width":512,"height":512},"rotated":false,"capInsets":[0,0,0,0],"vertices":{"rawPosition":[-51,-60,0,51,-60,0,-51,60,0,51,60,0],"indexes":[0,1,2,2,1,3],"uv":[205,323,307,323,205,203,307,203],"nuv":[0.400390625,0.396484375,0.599609375,0.396484375,0.400390625,0.630859375,0.599609375,0.630859375],"minPos":{"x":-51,"y":-60,"z":0},"maxPos":{"x":51,"y":60,"z":0}},"packable":true,"pixelsToUnit":100,"pivot":{"x":0.5,"y":0.5},"meshType":0}],[0],0,[0],[0],[72]],[[{"name":"Elixir_Loading12","rect":{"x":511,"y":511,"width":1,"height":1},"offset":{"x":255.5,"y":-255.5},"originalSize":{"width":512,"height":512},"rotated":false,"capInsets":[0,0,0,0],"vertices":{"rawPosition":[-0.5,-0.5,0,0.5,-0.5,0,-0.5,0.5,0,0.5,0.5,0],"indexes":[0,1,2,2,1,3],"uv":[511,1,512,1,511,0,512,0],"nuv":[0.998046875,0,1,0,0.998046875,0.001953125,1,0.001953125],"minPos":{"x":-0.5,"y":-0.5,"z":0},"maxPos":{"x":0.5,"y":0.5,"z":0}},"packable":true,"pixelsToUnit":100,"pivot":{"x":0.5,"y":0.5},"meshType":0}],[0],0,[0],[0],[73]],[[{"name":"Elixir_Loading75","rect":{"x":212,"y":196,"width":88,"height":106},"offset":{"x":0,"y":7},"originalSize":{"width":512,"height":512},"rotated":false,"capInsets":[0,0,0,0],"vertices":{"rawPosition":[-44,-53,0,44,-53,0,-44,53,0,44,53,0],"indexes":[0,1,2,2,1,3],"uv":[212,316,300,316,212,210,300,210],"nuv":[0.4140625,0.41015625,0.5859375,0.41015625,0.4140625,0.6171875,0.5859375,0.6171875],"minPos":{"x":-44,"y":-53,"z":0},"maxPos":{"x":44,"y":53,"z":0}},"packable":true,"pixelsToUnit":100,"pivot":{"x":0.5,"y":0.5},"meshType":0}],[0],0,[0],[0],[74]],[[{"name":"Elixir_Loading45","rect":{"x":212,"y":196,"width":88,"height":106},"offset":{"x":0,"y":7},"originalSize":{"width":512,"height":512},"rotated":false,"capInsets":[0,0,0,0],"vertices":{"rawPosition":[-44,-53,0,44,-53,0,-44,53,0,44,53,0],"indexes":[0,1,2,2,1,3],"uv":[212,316,300,316,212,210,300,210],"nuv":[0.4140625,0.41015625,0.5859375,0.41015625,0.4140625,0.6171875,0.5859375,0.6171875],"minPos":{"x":-44,"y":-53,"z":0},"maxPos":{"x":44,"y":53,"z":0}},"packable":true,"pixelsToUnit":100,"pivot":{"x":0.5,"y":0.5},"meshType":0}],[0],0,[0],[0],[75]],[[{"name":"Elixir_Loading72","rect":{"x":212,"y":196,"width":88,"height":106},"offset":{"x":0,"y":7},"originalSize":{"width":512,"height":512},"rotated":false,"capInsets":[0,0,0,0],"vertices":{"rawPosition":[-44,-53,0,44,-53,0,-44,53,0,44,53,0],"indexes":[0,1,2,2,1,3],"uv":[212,316,300,316,212,210,300,210],"nuv":[0.4140625,0.41015625,0.5859375,0.41015625,0.4140625,0.6171875,0.5859375,0.6171875],"minPos":{"x":-44,"y":-53,"z":0},"maxPos":{"x":44,"y":53,"z":0}},"packable":true,"pixelsToUnit":100,"pivot":{"x":0.5,"y":0.5},"meshType":0}],[0],0,[0],[0],[76]],[[{"name":"Elixir_Loading70","rect":{"x":212,"y":196,"width":88,"height":106},"offset":{"x":0,"y":7},"originalSize":{"width":512,"height":512},"rotated":false,"capInsets":[0,0,0,0],"vertices":{"rawPosition":[-44,-53,0,44,-53,0,-44,53,0,44,53,0],"indexes":[0,1,2,2,1,3],"uv":[212,316,300,316,212,210,300,210],"nuv":[0.4140625,0.41015625,0.5859375,0.41015625,0.4140625,0.6171875,0.5859375,0.6171875],"minPos":{"x":-44,"y":-53,"z":0},"maxPos":{"x":44,"y":53,"z":0}},"packable":true,"pixelsToUnit":100,"pivot":{"x":0.5,"y":0.5},"meshType":0}],[0],0,[0],[0],[77]],[[{"name":"Elixir_Loading47","rect":{"x":212,"y":196,"width":88,"height":106},"offset":{"x":0,"y":7},"originalSize":{"width":512,"height":512},"rotated":false,"capInsets":[0,0,0,0],"vertices":{"rawPosition":[-44,-53,0,44,-53,0,-44,53,0,44,53,0],"indexes":[0,1,2,2,1,3],"uv":[212,316,300,316,212,210,300,210],"nuv":[0.4140625,0.41015625,0.5859375,0.41015625,0.4140625,0.6171875,0.5859375,0.6171875],"minPos":{"x":-44,"y":-53,"z":0},"maxPos":{"x":44,"y":53,"z":0}},"packable":true,"pixelsToUnit":100,"pivot":{"x":0.5,"y":0.5},"meshType":0}],[0],0,[0],[0],[78]],[[{"name":"Elixir_Loading78","rect":{"x":212,"y":196,"width":88,"height":106},"offset":{"x":0,"y":7},"originalSize":{"width":512,"height":512},"rotated":false,"capInsets":[0,0,0,0],"vertices":{"rawPosition":[-44,-53,0,44,-53,0,-44,53,0,44,53,0],"indexes":[0,1,2,2,1,3],"uv":[212,316,300,316,212,210,300,210],"nuv":[0.4140625,0.41015625,0.5859375,0.41015625,0.4140625,0.6171875,0.5859375,0.6171875],"minPos":{"x":-44,"y":-53,"z":0},"maxPos":{"x":44,"y":53,"z":0}},"packable":true,"pixelsToUnit":100,"pivot":{"x":0.5,"y":0.5},"meshType":0}],[0],0,[0],[0],[79]],[[{"name":"Elixir_Loading31","rect":{"x":209,"y":194,"width":117,"height":112},"offset":{"x":11.5,"y":6},"originalSize":{"width":512,"height":512},"rotated":false,"capInsets":[0,0,0,0],"vertices":{"rawPosition":[-58.5,-56,0,58.5,-56,0,-58.5,56,0,58.5,56,0],"indexes":[0,1,2,2,1,3],"uv":[209,318,326,318,209,206,326,206],"nuv":[0.408203125,0.40234375,0.63671875,0.40234375,0.408203125,0.62109375,0.63671875,0.62109375],"minPos":{"x":-58.5,"y":-56,"z":0},"maxPos":{"x":58.5,"y":56,"z":0}},"packable":true,"pixelsToUnit":100,"pivot":{"x":0.5,"y":0.5},"meshType":0}],[0],0,[0],[0],[80]],[[{"name":"Elixir_Loading42","rect":{"x":210,"y":194,"width":92,"height":110},"offset":{"x":0,"y":7},"originalSize":{"width":512,"height":512},"rotated":false,"capInsets":[0,0,0,0],"vertices":{"rawPosition":[-46,-55,0,46,-55,0,-46,55,0,46,55,0],"indexes":[0,1,2,2,1,3],"uv":[210,318,302,318,210,208,302,208],"nuv":[0.41015625,0.40625,0.58984375,0.40625,0.41015625,0.62109375,0.58984375,0.62109375],"minPos":{"x":-46,"y":-55,"z":0},"maxPos":{"x":46,"y":55,"z":0}},"packable":true,"pixelsToUnit":100,"pivot":{"x":0.5,"y":0.5},"meshType":0}],[0],0,[0],[0],[81]],[[{"name":"Elixir_Loading35","rect":{"x":194,"y":174,"width":124,"height":147},"offset":{"x":0,"y":8.5},"originalSize":{"width":512,"height":512},"rotated":false,"capInsets":[0,0,0,0],"vertices":{"rawPosition":[-62,-73.5,0,62,-73.5,0,-62,73.5,0,62,73.5,0],"indexes":[0,1,2,2,1,3],"uv":[194,338,318,338,194,191,318,191],"nuv":[0.37890625,0.373046875,0.62109375,0.373046875,0.37890625,0.66015625,0.62109375,0.66015625],"minPos":{"x":-62,"y":-73.5,"z":0},"maxPos":{"x":62,"y":73.5,"z":0}},"packable":true,"pixelsToUnit":100,"pivot":{"x":0.5,"y":0.5},"meshType":0}],[0],0,[0],[0],[82]],[[{"name":"Elixir_Loading15","rect":{"x":511,"y":511,"width":1,"height":1},"offset":{"x":255.5,"y":-255.5},"originalSize":{"width":512,"height":512},"rotated":false,"capInsets":[0,0,0,0],"vertices":{"rawPosition":[-0.5,-0.5,0,0.5,-0.5,0,-0.5,0.5,0,0.5,0.5,0],"indexes":[0,1,2,2,1,3],"uv":[511,1,512,1,511,0,512,0],"nuv":[0.998046875,0,1,0,0.998046875,0.001953125,1,0.001953125],"minPos":{"x":-0.5,"y":-0.5,"z":0},"maxPos":{"x":0.5,"y":0.5,"z":0}},"packable":true,"pixelsToUnit":100,"pivot":{"x":0.5,"y":0.5},"meshType":0}],[0],0,[0],[0],[83]],[[{"name":"Elixir_Loading64","rect":{"x":212,"y":196,"width":88,"height":106},"offset":{"x":0,"y":7},"originalSize":{"width":512,"height":512},"rotated":false,"capInsets":[0,0,0,0],"vertices":{"rawPosition":[-44,-53,0,44,-53,0,-44,53,0,44,53,0],"indexes":[0,1,2,2,1,3],"uv":[212,316,300,316,212,210,300,210],"nuv":[0.4140625,0.41015625,0.5859375,0.41015625,0.4140625,0.6171875,0.5859375,0.6171875],"minPos":{"x":-44,"y":-53,"z":0},"maxPos":{"x":44,"y":53,"z":0}},"packable":true,"pixelsToUnit":100,"pivot":{"x":0.5,"y":0.5},"meshType":0}],[0],0,[0],[0],[84]],[[{"name":"Elixir_Loading14","rect":{"x":511,"y":511,"width":1,"height":1},"offset":{"x":255.5,"y":-255.5},"originalSize":{"width":512,"height":512},"rotated":false,"capInsets":[0,0,0,0],"vertices":{"rawPosition":[-0.5,-0.5,0,0.5,-0.5,0,-0.5,0.5,0,0.5,0.5,0],"indexes":[0,1,2,2,1,3],"uv":[511,1,512,1,511,0,512,0],"nuv":[0.998046875,0,1,0,0.998046875,0.001953125,1,0.001953125],"minPos":{"x":-0.5,"y":-0.5,"z":0},"maxPos":{"x":0.5,"y":0.5,"z":0}},"packable":true,"pixelsToUnit":100,"pivot":{"x":0.5,"y":0.5},"meshType":0}],[0],0,[0],[0],[85]],[[{"name":"Elixir_Loading29","rect":{"x":214,"y":213,"width":119,"height":87},"offset":{"x":17.5,"y":-0.5},"originalSize":{"width":512,"height":512},"rotated":false,"capInsets":[0,0,0,0],"vertices":{"rawPosition":[-59.5,-43.5,0,59.5,-43.5,0,-59.5,43.5,0,59.5,43.5,0],"indexes":[0,1,2,2,1,3],"uv":[214,299,333,299,214,212,333,212],"nuv":[0.41796875,0.4140625,0.650390625,0.4140625,0.41796875,0.583984375,0.650390625,0.583984375],"minPos":{"x":-59.5,"y":-43.5,"z":0},"maxPos":{"x":59.5,"y":43.5,"z":0}},"packable":true,"pixelsToUnit":100,"pivot":{"x":0.5,"y":0.5},"meshType":0}],[0],0,[0],[0],[86]],[[{"name":"Elixir_Loading49","rect":{"x":212,"y":196,"width":88,"height":106},"offset":{"x":0,"y":7},"originalSize":{"width":512,"height":512},"rotated":false,"capInsets":[0,0,0,0],"vertices":{"rawPosition":[-44,-53,0,44,-53,0,-44,53,0,44,53,0],"indexes":[0,1,2,2,1,3],"uv":[212,316,300,316,212,210,300,210],"nuv":[0.4140625,0.41015625,0.5859375,0.41015625,0.4140625,0.6171875,0.5859375,0.6171875],"minPos":{"x":-44,"y":-53,"z":0},"maxPos":{"x":44,"y":53,"z":0}},"packable":true,"pixelsToUnit":100,"pivot":{"x":0.5,"y":0.5},"meshType":0}],[0],0,[0],[0],[87]],[[{"name":"Elixir_Loading33","rect":{"x":201,"y":177,"width":112,"height":138},"offset":{"x":1,"y":10},"originalSize":{"width":512,"height":512},"rotated":false,"capInsets":[0,0,0,0],"vertices":{"rawPosition":[-56,-69,0,56,-69,0,-56,69,0,56,69,0],"indexes":[0,1,2,2,1,3],"uv":[201,335,313,335,201,197,313,197],"nuv":[0.392578125,0.384765625,0.611328125,0.384765625,0.392578125,0.654296875,0.611328125,0.654296875],"minPos":{"x":-56,"y":-69,"z":0},"maxPos":{"x":56,"y":69,"z":0}},"packable":true,"pixelsToUnit":100,"pivot":{"x":0.5,"y":0.5},"meshType":0}],[0],0,[0],[0],[88]],[[{"name":"Elixir_Loading81","rect":{"x":212,"y":196,"width":88,"height":106},"offset":{"x":0,"y":7},"originalSize":{"width":512,"height":512},"rotated":false,"capInsets":[0,0,0,0],"vertices":{"rawPosition":[-44,-53,0,44,-53,0,-44,53,0,44,53,0],"indexes":[0,1,2,2,1,3],"uv":[212,316,300,316,212,210,300,210],"nuv":[0.4140625,0.41015625,0.5859375,0.41015625,0.4140625,0.6171875,0.5859375,0.6171875],"minPos":{"x":-44,"y":-53,"z":0},"maxPos":{"x":44,"y":53,"z":0}},"packable":true,"pixelsToUnit":100,"pivot":{"x":0.5,"y":0.5},"meshType":0}],[0],0,[0],[0],[89]],[[{"name":"Elixir_Loading51","rect":{"x":212,"y":196,"width":88,"height":106},"offset":{"x":0,"y":7},"originalSize":{"width":512,"height":512},"rotated":false,"capInsets":[0,0,0,0],"vertices":{"rawPosition":[-44,-53,0,44,-53,0,-44,53,0,44,53,0],"indexes":[0,1,2,2,1,3],"uv":[212,316,300,316,212,210,300,210],"nuv":[0.4140625,0.41015625,0.5859375,0.41015625,0.4140625,0.6171875,0.5859375,0.6171875],"minPos":{"x":-44,"y":-53,"z":0},"maxPos":{"x":44,"y":53,"z":0}},"packable":true,"pixelsToUnit":100,"pivot":{"x":0.5,"y":0.5},"meshType":0}],[0],0,[0],[0],[90]],[[{"name":"Elixir_Loading57","rect":{"x":212,"y":196,"width":88,"height":106},"offset":{"x":0,"y":7},"originalSize":{"width":512,"height":512},"rotated":false,"capInsets":[0,0,0,0],"vertices":{"rawPosition":[-44,-53,0,44,-53,0,-44,53,0,44,53,0],"indexes":[0,1,2,2,1,3],"uv":[212,316,300,316,212,210,300,210],"nuv":[0.4140625,0.41015625,0.5859375,0.41015625,0.4140625,0.6171875,0.5859375,0.6171875],"minPos":{"x":-44,"y":-53,"z":0},"maxPos":{"x":44,"y":53,"z":0}},"packable":true,"pixelsToUnit":100,"pivot":{"x":0.5,"y":0.5},"meshType":0}],[0],0,[0],[0],[91]],[[{"name":"Elixir_Loading27","rect":{"x":222,"y":220,"width":100,"height":88},"offset":{"x":16,"y":-8},"originalSize":{"width":512,"height":512},"rotated":false,"capInsets":[0,0,0,0],"vertices":{"rawPosition":[-50,-44,0,50,-44,0,-50,44,0,50,44,0],"indexes":[0,1,2,2,1,3],"uv":[222,292,322,292,222,204,322,204],"nuv":[0.43359375,0.3984375,0.62890625,0.3984375,0.43359375,0.5703125,0.62890625,0.5703125],"minPos":{"x":-50,"y":-44,"z":0},"maxPos":{"x":50,"y":44,"z":0}},"packable":true,"pixelsToUnit":100,"pivot":{"x":0.5,"y":0.5},"meshType":0}],[0],0,[0],[0],[92]],[[{"name":"Elixir_Loading61","rect":{"x":212,"y":196,"width":88,"height":106},"offset":{"x":0,"y":7},"originalSize":{"width":512,"height":512},"rotated":false,"capInsets":[0,0,0,0],"vertices":{"rawPosition":[-44,-53,0,44,-53,0,-44,53,0,44,53,0],"indexes":[0,1,2,2,1,3],"uv":[212,316,300,316,212,210,300,210],"nuv":[0.4140625,0.41015625,0.5859375,0.41015625,0.4140625,0.6171875,0.5859375,0.6171875],"minPos":{"x":-44,"y":-53,"z":0},"maxPos":{"x":44,"y":53,"z":0}},"packable":true,"pixelsToUnit":100,"pivot":{"x":0.5,"y":0.5},"meshType":0}],[0],0,[0],[0],[93]],[[{"name":"Elixir_Loading83","rect":{"x":212,"y":196,"width":88,"height":106},"offset":{"x":0,"y":7},"originalSize":{"width":512,"height":512},"rotated":false,"capInsets":[0,0,0,0],"vertices":{"rawPosition":[-44,-53,0,44,-53,0,-44,53,0,44,53,0],"indexes":[0,1,2,2,1,3],"uv":[212,316,300,316,212,210,300,210],"nuv":[0.4140625,0.41015625,0.5859375,0.41015625,0.4140625,0.6171875,0.5859375,0.6171875],"minPos":{"x":-44,"y":-53,"z":0},"maxPos":{"x":44,"y":53,"z":0}},"packable":true,"pixelsToUnit":100,"pivot":{"x":0.5,"y":0.5},"meshType":0}],[0],0,[0],[0],[94]],[[{"name":"Elixir_Loading92","rect":{"x":511,"y":511,"width":1,"height":1},"offset":{"x":255.5,"y":-255.5},"originalSize":{"width":512,"height":512},"rotated":false,"capInsets":[0,0,0,0],"vertices":{"rawPosition":[-0.5,-0.5,0,0.5,-0.5,0,-0.5,0.5,0,0.5,0.5,0],"indexes":[0,1,2,2,1,3],"uv":[511,1,512,1,511,0,512,0],"nuv":[0.998046875,0,1,0,0.998046875,0.001953125,1,0.001953125],"minPos":{"x":-0.5,"y":-0.5,"z":0},"maxPos":{"x":0.5,"y":0.5,"z":0}},"packable":true,"pixelsToUnit":100,"pivot":{"x":0.5,"y":0.5},"meshType":0}],[0],0,[0],[0],[95]],[[{"name":"Elixir_Loading77","rect":{"x":212,"y":196,"width":88,"height":106},"offset":{"x":0,"y":7},"originalSize":{"width":512,"height":512},"rotated":false,"capInsets":[0,0,0,0],"vertices":{"rawPosition":[-44,-53,0,44,-53,0,-44,53,0,44,53,0],"indexes":[0,1,2,2,1,3],"uv":[212,316,300,316,212,210,300,210],"nuv":[0.4140625,0.41015625,0.5859375,0.41015625,0.4140625,0.6171875,0.5859375,0.6171875],"minPos":{"x":-44,"y":-53,"z":0},"maxPos":{"x":44,"y":53,"z":0}},"packable":true,"pixelsToUnit":100,"pivot":{"x":0.5,"y":0.5},"meshType":0}],[0],0,[0],[0],[96]],[[{"name":"Elixir_Loading19","rect":{"x":241,"y":245,"width":23,"height":20},"offset":{"x":-3.5,"y":1},"originalSize":{"width":512,"height":512},"rotated":false,"capInsets":[0,0,0,0],"vertices":{"rawPosition":[-11.5,-10,0,11.5,-10,0,-11.5,10,0,11.5,10,0],"indexes":[0,1,2,2,1,3],"uv":[241,267,264,267,241,247,264,247],"nuv":[0.470703125,0.482421875,0.515625,0.482421875,0.470703125,0.521484375,0.515625,0.521484375],"minPos":{"x":-11.5,"y":-10,"z":0},"maxPos":{"x":11.5,"y":10,"z":0}},"packable":true,"pixelsToUnit":100,"pivot":{"x":0.5,"y":0.5},"meshType":0}],[0],0,[0],[0],[97]],[[{"name":"Elixir_Loading03","rect":{"x":511,"y":511,"width":1,"height":1},"offset":{"x":255.5,"y":-255.5},"originalSize":{"width":512,"height":512},"rotated":false,"capInsets":[0,0,0,0],"vertices":{"rawPosition":[-0.5,-0.5,0,0.5,-0.5,0,-0.5,0.5,0,0.5,0.5,0],"indexes":[0,1,2,2,1,3],"uv":[511,1,512,1,511,0,512,0],"nuv":[0.998046875,0,1,0,0.998046875,0.001953125,1,0.001953125],"minPos":{"x":-0.5,"y":-0.5,"z":0},"maxPos":{"x":0.5,"y":0.5,"z":0}},"packable":true,"pixelsToUnit":100,"pivot":{"x":0.5,"y":0.5},"meshType":0}],[0],0,[0],[0],[98]]]]
