[1,["b3RMhUhj1K94IR6Ma8w1DT@6c48a"],["_textureSource"],["cc.SpriteFrame"],0,[{"name":"Frame 427322259","rect":{"x":0,"y":6,"width":99,"height":148},"offset":{"x":0,"y":-1},"originalSize":{"width":99,"height":158},"rotated":false,"capInsets":[0,0,0,0],"vertices":{"rawPosition":[-49.5,-74,0,49.5,-74,0,-49.5,74,0,49.5,74,0],"indexes":[0,1,2,2,1,3],"uv":[0,152,99,152,0,4,99,4],"nuv":[0,0.02531645569620253,1,0.02531645569620253,0,0.9620253164556962,1,0.9620253164556962],"minPos":{"x":-49.5,"y":-74,"z":0},"maxPos":{"x":49.5,"y":74,"z":0}},"packable":true,"pixelsToUnit":100,"pivot":{"x":0.5,"y":0.5},"meshType":0}],[0],0,[0],[0],[0]]
