[1,["e2YnX2vL1IN6dN/75Qrjvz@6c48a"],["_textureSource"],["cc.SpriteFrame"],0,[{"name":"closeBtn","rect":{"x":4,"y":5,"width":55,"height":55},"offset":{"x":-0.5,"y":-0.5},"originalSize":{"width":64,"height":64},"rotated":false,"capInsets":[0,0,0,0],"vertices":{"rawPosition":[-27.5,-27.5,0,27.5,-27.5,0,-27.5,27.5,0,27.5,27.5,0],"indexes":[0,1,2,2,1,3],"uv":[4,59,59,59,4,4,59,4],"nuv":[0.0625,0.0625,0.921875,0.0625,0.0625,0.921875,0.921875,0.921875],"minPos":{"x":-27.5,"y":-27.5,"z":0},"maxPos":{"x":27.5,"y":27.5,"z":0}},"packable":true,"pixelsToUnit":100,"pivot":{"x":0.5,"y":0.5},"meshType":0}],[0],0,[0],[0],[0]]
