[1,["c1VekL/j5KwrTBy7fTU9mp@f9941","c1VekL/j5KwrTBy7fTU9mp@6c48a"],["node","root","data","_spriteFrame","_textureSource"],["cc.SpriteFrame",["cc.Prefab",["_name"],2],["cc.Node",["_name","_layer","_components","_prefab","_lpos"],1,9,4,5],["cc.UITransform",["node","__prefab","_contentSize"],3,1,4,5],["cc.CompPrefabInfo",["fileId"],2],["cc.Sprite",["_sizeMode","node","__prefab","_spriteFrame"],2,1,4,6],["cc.PrefabInfo",["fileId","instance","targetOverrides","nestedPrefabInstanceRoots","root","asset"],-1,1,1]],[[4,0,2],[1,0,2],[2,0,1,2,3,4,3],[3,0,1,2,1],[5,0,1,2,3,2],[6,0,1,2,3,4,5,5]],[[[[1,"TigerWin"],[2,"TigerWin",33554432,[[3,-2,[0,"2fey54zrVJvrwHQVsVOw+0"],[5,20,20]],[4,0,-3,[0,"679uAmHBlPmbsAqaeZAKgY"],0]],[5,"3dDYZtKbRA35vtXexSTc8D",null,null,null,-1,0],[1,105.032,0,0]]],0,[0,1,1,0,0,1,0,0,1,0,2,1,3],[0],[3],[0]],[[{"name":"Untitled-1","rect":{"x":20,"y":25,"width":158,"height":158},"offset":{"x":2,"y":-4.5},"originalSize":{"width":194,"height":199},"rotated":false,"capInsets":[0,0,0,0],"vertices":{"rawPosition":[-79,-79,0,79,-79,0,-79,79,0,79,79,0],"indexes":[0,1,2,2,1,3],"uv":[20,174,178,174,20,16,178,16],"nuv":[0.10309278350515463,0.08040201005025126,0.9175257731958762,0.08040201005025126,0.10309278350515463,0.8743718592964824,0.9175257731958762,0.8743718592964824],"minPos":{"x":-79,"y":-79,"z":0},"maxPos":{"x":79,"y":79,"z":0}},"packable":true,"pixelsToUnit":100,"pivot":{"x":0.5,"y":0.5},"meshType":0}],[0],0,[0],[4],[1]]]]
