[1,["69kTER4y1AiqgBVmun2TXZ@6c48a"],["_textureSource"],["cc.SpriteFrame"],0,[{"name":"processBar","rect":{"x":0,"y":0,"width":30,"height":19},"offset":{"x":0,"y":0},"originalSize":{"width":30,"height":19},"rotated":false,"capInsets":[10,5,10,5],"vertices":{"rawPosition":[-15,-9.5,0,15,-9.5,0,-15,9.5,0,15,9.5,0],"indexes":[0,1,2,2,1,3],"uv":[0,19,30,19,0,0,30,0],"nuv":[0,0,1,0,0,1,1,1],"minPos":{"x":-15,"y":-9.5,"z":0},"maxPos":{"x":15,"y":9.5,"z":0}},"packable":true,"pixelsToUnit":100,"pivot":{"x":0.5,"y":0.5},"meshType":0}],[0],0,[0],[0],[0]]
