[1,["699T2MgTVKT7wuDmY7jG1Q@6c48a"],["_textureSource"],["cc.SpriteFrame"],0,[{"name":"Frame 427322251","rect":{"x":0,"y":2,"width":99,"height":148},"offset":{"x":0,"y":3},"originalSize":{"width":99,"height":158},"rotated":false,"capInsets":[0,0,0,0],"vertices":{"rawPosition":[-49.5,-74,0,49.5,-74,0,-49.5,74,0,49.5,74,0],"indexes":[0,1,2,2,1,3],"uv":[0,156,99,156,0,8,99,8],"nuv":[0,0.05063291139240506,1,0.05063291139240506,0,0.9873417721518988,1,0.9873417721518988],"minPos":{"x":-49.5,"y":-74,"z":0},"maxPos":{"x":49.5,"y":74,"z":0}},"packable":true,"pixelsToUnit":100,"pivot":{"x":0.5,"y":0.5},"meshType":0}],[0],0,[0],[0],[0]]
