[1,["34dPxot+lEuY0Z6g/KKrKI@6c48a"],["_textureSource"],["cc.SpriteFrame"],0,[{"name":"AVATAR16","rect":{"x":0,"y":0,"width":520,"height":520},"offset":{"x":0,"y":0},"originalSize":{"width":520,"height":520},"rotated":false,"capInsets":[0,0,0,0],"vertices":{"rawPosition":[-260,-260,0,260,-260,0,-260,260,0,260,260,0],"indexes":[0,1,2,2,1,3],"uv":[0,520,520,520,0,0,520,0],"nuv":[0,0,1,0,0,1,1,1],"minPos":{"x":-260,"y":-260,"z":0},"maxPos":{"x":260,"y":260,"z":0}},"packable":true,"pixelsToUnit":100,"pivot":{"x":0.5,"y":0.5},"meshType":0}],[0],0,[0],[0],[0]]
