[1,["343H8tL+hPGpEfywImhgCJ@6c48a"],["_textureSource"],["cc.SpriteFrame"],0,[{"name":"SpitFire12","rect":{"x":478,"y":250,"width":20,"height":20},"offset":{"x":228,"y":0},"originalSize":{"width":520,"height":520},"rotated":false,"capInsets":[0,0,0,0],"vertices":{"rawPosition":[-10,-10,0,10,-10,0,-10,10,0,10,10,0],"indexes":[0,1,2,2,1,3],"uv":[478,270,498,270,478,250,498,250],"nuv":[0.9192307692307692,0.4807692307692308,0.9576923076923077,0.4807692307692308,0.9192307692307692,0.5192307692307693,0.9576923076923077,0.5192307692307693],"minPos":{"x":-10,"y":-10,"z":0},"maxPos":{"x":10,"y":10,"z":0}},"packable":true,"pixelsToUnit":100,"pivot":{"x":0.5,"y":0.5},"meshType":0}],[0],0,[0],[0],[0]]
