[1,["93m1pypqJJDrXq7GwRURB+@6c48a"],["_textureSource"],["cc.SpriteFrame"],0,[{"name":"background","rect":{"x":0,"y":0,"width":1355,"height":720},"offset":{"x":0,"y":0},"originalSize":{"width":1355,"height":720},"rotated":false,"capInsets":[0,0,0,0],"vertices":{"rawPosition":[-677.5,-360,0,677.5,-360,0,-677.5,360,0,677.5,360,0],"indexes":[0,1,2,2,1,3],"uv":[0,720,1355,720,0,0,1355,0],"nuv":[0,0,1,0,0,1,1,1],"minPos":{"x":-677.5,"y":-360,"z":0},"maxPos":{"x":677.5,"y":360,"z":0}},"packable":true,"pixelsToUnit":100,"pivot":{"x":0.5,"y":0.5},"meshType":0}],[0],0,[0],[0],[0]]
