[1,["b9KA6rCKNIRq8ndd5coKIC@f9941","b9KA6rCKNIRq8ndd5coKIC@6c48a"],["node","root","data","_spriteFrame","_textureSource"],["cc.SpriteFrame",["cc.Prefab",["_name"],2],["cc.Node",["_name","_layer","_components","_prefab"],1,9,4],["cc.UITransform",["node","__prefab","_contentSize"],3,1,4,5],["cc.CompPrefabInfo",["fileId"],2],["cc.Sprite",["node","__prefab","_spriteFrame"],3,1,4,6],["cc.Button",["node","__prefab"],3,1,4],["cc.PrefabInfo",["fileId","instance","targetOverrides","nestedPrefabInstanceRoots","root","asset"],-1,1,1]],[[4,0,2],[1,0,2],[2,0,1,2,3,3],[3,0,1,2,1],[5,0,1,2,1],[6,0,1,1],[7,0,1,2,3,4,5,5]],[[[[1,"chip5"],[2,"chip5",33554432,[[3,-2,[0,"d8V62aRmVNHL4/8Z+Av89w"],[5,80,80]],[4,-3,[0,"ccl1b57OZPaYnr5MNxAksr"],0],[5,-4,[0,"80Znuy8KpJvr1E2ARQr4Vt"]]],[6,"0dGmfy/55HcpKN6C+NEsif",null,null,null,-1,0]]],0,[0,1,1,0,0,1,0,0,1,0,0,1,0,2,1,4],[0],[3],[0]],[[{"name":"chip5","rect":{"x":0,"y":0,"width":80,"height":80},"offset":{"x":0,"y":0},"originalSize":{"width":80,"height":80},"rotated":false,"capInsets":[0,0,0,0],"vertices":{"rawPosition":[-40,-40,0,40,-40,0,-40,40,0,40,40,0],"indexes":[0,1,2,2,1,3],"uv":[0,80,80,80,0,0,80,0],"nuv":[0,0,1,0,0,1,1,1],"minPos":{"x":-40,"y":-40,"z":0},"maxPos":{"x":40,"y":40,"z":0}},"packable":true,"pixelsToUnit":100,"pivot":{"x":0.5,"y":0.5},"meshType":0}],[0],0,[0],[4],[1]]]]
