[1,["0bQ3wXChZAULtxWaMUHDk5@6c48a"],["_textureSource"],["cc.SpriteFrame"],0,[{"name":"cloud-right","rect":{"x":0,"y":0,"width":641,"height":130},"offset":{"x":0,"y":0},"originalSize":{"width":641,"height":130},"rotated":false,"capInsets":[0,0,0,0],"vertices":{"rawPosition":[-320.5,-65,0,320.5,-65,0,-320.5,65,0,320.5,65,0],"indexes":[0,1,2,2,1,3],"uv":[0,130,641,130,0,0,641,0],"nuv":[0,0,1,0,0,1,1,1],"minPos":{"x":-320.5,"y":-65,"z":0},"maxPos":{"x":320.5,"y":65,"z":0}},"packable":true,"pixelsToUnit":100,"pivot":{"x":0.5,"y":0.5},"meshType":0}],[0],0,[0],[0],[0]]
