[1,["e5GABBHPhAyqbvU9AWnS3Q@6c48a"],["_textureSource"],["cc.SpriteFrame"],0,[{"name":"Frame 427322257","rect":{"x":0,"y":5,"width":99,"height":149},"offset":{"x":0,"y":-0.5},"originalSize":{"width":99,"height":158},"rotated":false,"capInsets":[0,0,0,0],"vertices":{"rawPosition":[-49.5,-74.5,0,49.5,-74.5,0,-49.5,74.5,0,49.5,74.5,0],"indexes":[0,1,2,2,1,3],"uv":[0,153,99,153,0,4,99,4],"nuv":[0,0.02531645569620253,1,0.02531645569620253,0,0.9683544303797469,1,0.9683544303797469],"minPos":{"x":-49.5,"y":-74.5,"z":0},"maxPos":{"x":49.5,"y":74.5,"z":0}},"packable":true,"pixelsToUnit":100,"pivot":{"x":0.5,"y":0.5},"meshType":0}],[0],0,[0],[0],[0]]
