[1,["92RpY+VRZCzrqE73uTDPIZ@6c48a"],["_textureSource"],["cc.SpriteFrame"],0,[{"name":"Elixir_Loading43","rect":{"x":211,"y":195,"width":90,"height":107},"offset":{"x":0,"y":7.5},"originalSize":{"width":512,"height":512},"rotated":false,"capInsets":[0,0,0,0],"vertices":{"rawPosition":[-45,-53.5,0,45,-53.5,0,-45,53.5,0,45,53.5,0],"indexes":[0,1,2,2,1,3],"uv":[211,317,301,317,211,210,301,210],"nuv":[0.412109375,0.41015625,0.587890625,0.41015625,0.412109375,0.619140625,0.587890625,0.619140625],"minPos":{"x":-45,"y":-53.5,"z":0},"maxPos":{"x":45,"y":53.5,"z":0}},"packable":true,"pixelsToUnit":100,"pivot":{"x":0.5,"y":0.5},"meshType":0}],[0],0,[0],[0],[0]]
