[1,["c1VekL/j5KwrTBy7fTU9mp@6c48a"],["_textureSource"],["cc.SpriteFrame"],0,[{"name":"Untitled-1","rect":{"x":20,"y":25,"width":158,"height":158},"offset":{"x":2,"y":-4.5},"originalSize":{"width":194,"height":199},"rotated":false,"capInsets":[0,0,0,0],"vertices":{"rawPosition":[-79,-79,0,79,-79,0,-79,79,0,79,79,0],"indexes":[0,1,2,2,1,3],"uv":[20,174,178,174,20,16,178,16],"nuv":[0.10309278350515463,0.08040201005025126,0.9175257731958762,0.08040201005025126,0.10309278350515463,0.8743718592964824,0.9175257731958762,0.8743718592964824],"minPos":{"x":-79,"y":-79,"z":0},"maxPos":{"x":79,"y":79,"z":0}},"packable":true,"pixelsToUnit":100,"pivot":{"x":0.5,"y":0.5},"meshType":0}],[0],0,[0],[0],[0]]
