[1,["03hXOmHE5GFKVhla49gMyM@6c48a","08kDF9S+xP/KEdVwqS4eld@6c48a","17TE4wmEJK3qKsHshN9y9B@6c48a","179VbUawJFW7RCneF5CPrH@6c48a","1cB5vxxhJGJrLd/jzXRUNs@6c48a","20V2KQZ8VF2J0vOWNO/RDk@6c48a","28vRaRSzpKgpl0raSevdWV@6c48a","31iAHgzY9GibR/2fYlIg5N@6c48a","343H8tL+hPGpEfywImhgCJ@6c48a","35YULiCzJKRotucx4Ta84x@6c48a","40P4332ZxJvbBo8tYntgm6@6c48a","47czVRjg5IN6nNM8YgvdDv@6c48a","47rzwx50tB85TWzdFOOo1w@6c48a","4c2u1ylKFChIr4c2qBlVDU@6c48a","4fixyAAT5Ik6soIBja1cQq@6c48a","55e7lM9bVKZppI3Z/SWIPT@6c48a","58VOccxFlBxqhxF/P6mFxI@6c48a","65PcocCtVFeZD6P2h6St9a@6c48a","6drxG/EodEupDnhFZqTBB4@6c48a","72T1np74hCwroQU2wjB8FJ@6c48a","74WfxxigNL27zdmFdul87g@6c48a","80xbg7jTdN3KprXw88NZnH@6c48a","84zVS+1mJG7bK5a1NiMuHl@6c48a","86xXow0npP7LtZ/+zUfvty@6c48a","8aUMNecClEkbATj1LQYS09@6c48a","64Ynf88dVLm6lVJ5N+ASc2@6c48a","937l5aXjpDEr2xDnZSoOv4@6c48a","99SNhUnfhKLIsIMeOazNcl@6c48a","9baYYWGGlGu7zKTGn4sN9z@6c48a","9ftSMUCF9JpbGWu3B+LS9R@6c48a","a2LT8ZK8NFLbcEjIYx78cM@6c48a","a4bvWjdWtKYJbB942SHOna@6c48a","aaVtkDjnhKj4GCb4zNvH7c@6c48a","b5It/quiFAlJKg+xsi+5p5@6c48a","b8Qul6J7RNkJ+O0sYiPR8k@6c48a","b8wh7hxaVPUKsy8qfrXFHA@6c48a","b8wjiO8tFDt5s8H1HH6khI@6c48a","c1C/e/PchGZaYFTnnm1/kf@6c48a","c1gZEoCj1ND5+2wVH76tfd@6c48a","c1ljZknJRDNonSll3urx6b@6c48a","c6oQybKnxH6JC5YvLZry7O@6c48a","caVYPhN0FMQbuIIMA+vjNZ@6c48a","d2/nORvF1B9aIGFqgS5Q4u@6c48a","d6QsIG2ipDdZbeL2nRf7JQ@6c48a","d69+TEdAdET6JVWp3oWt0S@6c48a","d8uD/sb1JLLoFJeoTW496S@6c48a","d97BR9HtZPL5OpPhTpCKQO@6c48a","dfeGWegppBcYzjW1dItdJf@6c48a","e2OpnlOCtERIcmDuv+XGnq@6c48a","e9bwZypm9JerKz3LGHu6kE@6c48a","edY8JVUspDGb8kqgFmen9X@6c48a","f4iEWSPfROJrgjtpkifHtJ@6c48a","f7qSij3b5L574H5pcMalZ+@6c48a","f9gxlOs4tJfK5qgquT0ga3@6c48a","fbN9wiPXJDPpbIN3hfW6ot@6c48a"],["_textureSource"],["cc.SpriteFrame"],0,[[[{"name":"SpitFire13","rect":{"x":478,"y":250,"width":20,"height":20},"offset":{"x":228,"y":0},"originalSize":{"width":520,"height":520},"rotated":false,"capInsets":[0,0,0,0],"vertices":{"rawPosition":[-10,-10,0,10,-10,0,-10,10,0,10,10,0],"indexes":[0,1,2,2,1,3],"uv":[478,270,498,270,478,250,498,250],"nuv":[0.9192307692307692,0.4807692307692308,0.9576923076923077,0.4807692307692308,0.9192307692307692,0.5192307692307693,0.9576923076923077,0.5192307692307693],"minPos":{"x":-10,"y":-10,"z":0},"maxPos":{"x":10,"y":10,"z":0}},"packable":true,"pixelsToUnit":100,"pivot":{"x":0.5,"y":0.5},"meshType":0}],[0],0,[0],[0],[0]],[[{"name":"SpitFire02","rect":{"x":45,"y":228,"width":379,"height":64},"offset":{"x":-25.5,"y":0},"originalSize":{"width":520,"height":520},"rotated":false,"capInsets":[0,0,0,0],"vertices":{"rawPosition":[-189.5,-32,0,189.5,-32,0,-189.5,32,0,189.5,32,0],"indexes":[0,1,2,2,1,3],"uv":[45,292,424,292,45,228,424,228],"nuv":[0.08653846153846154,0.43846153846153846,0.8153846153846154,0.43846153846153846,0.08653846153846154,0.5615384615384615,0.8153846153846154,0.5615384615384615],"minPos":{"x":-189.5,"y":-32,"z":0},"maxPos":{"x":189.5,"y":32,"z":0}},"packable":true,"pixelsToUnit":100,"pivot":{"x":0.5,"y":0.5},"meshType":0}],[0],0,[0],[0],[1]],[[{"name":"SpitFire15","rect":{"x":519,"y":519,"width":1,"height":1},"offset":{"x":259.5,"y":-259.5},"originalSize":{"width":520,"height":520},"rotated":false,"capInsets":[0,0,0,0],"vertices":{"rawPosition":[-0.5,-0.5,0,0.5,-0.5,0,-0.5,0.5,0,0.5,0.5,0],"indexes":[0,1,2,2,1,3],"uv":[519,1,520,1,519,0,520,0],"nuv":[0.9980769230769231,0,1,0,0.9980769230769231,0.0019230769230769232,1,0.0019230769230769232],"minPos":{"x":-0.5,"y":-0.5,"z":0},"maxPos":{"x":0.5,"y":0.5,"z":0}},"packable":true,"pixelsToUnit":100,"pivot":{"x":0.5,"y":0.5},"meshType":0}],[0],0,[0],[0],[2]],[[{"name":"Dr_B_11","rect":{"x":75,"y":82,"width":370,"height":356},"offset":{"x":0,"y":0},"originalSize":{"width":520,"height":520},"rotated":false,"capInsets":[0,0,0,0],"vertices":{"rawPosition":[-185,-178,0,185,-178,0,-185,178,0,185,178,0],"indexes":[0,1,2,2,1,3],"uv":[75,438,445,438,75,82,445,82],"nuv":[0.14423076923076922,0.1576923076923077,0.8557692307692307,0.1576923076923077,0.14423076923076922,0.8423076923076923,0.8557692307692307,0.8423076923076923],"minPos":{"x":-185,"y":-178,"z":0},"maxPos":{"x":185,"y":178,"z":0}},"packable":true,"pixelsToUnit":100,"pivot":{"x":0.5,"y":0.5},"meshType":0}],[0],0,[0],[0],[3]],[[{"name":"Dr_B_20","rect":{"x":53,"y":50,"width":386,"height":355},"offset":{"x":-14,"y":32.5},"originalSize":{"width":520,"height":520},"rotated":false,"capInsets":[0,0,0,0],"vertices":{"rawPosition":[-193,-177.5,0,193,-177.5,0,-193,177.5,0,193,177.5,0],"indexes":[0,1,2,2,1,3],"uv":[53,470,439,470,53,115,439,115],"nuv":[0.10192307692307692,0.22115384615384615,0.8442307692307692,0.22115384615384615,0.10192307692307692,0.9038461538461539,0.8442307692307692,0.9038461538461539],"minPos":{"x":-193,"y":-177.5,"z":0},"maxPos":{"x":193,"y":177.5,"z":0}},"packable":true,"pixelsToUnit":100,"pivot":{"x":0.5,"y":0.5},"meshType":0}],[0],0,[0],[0],[4]],[[{"name":"Dr_B_27","rect":{"x":79,"y":79,"width":368,"height":375},"offset":{"x":3,"y":-6.5},"originalSize":{"width":520,"height":520},"rotated":false,"capInsets":[0,0,0,0],"vertices":{"rawPosition":[-184,-187.5,0,184,-187.5,0,-184,187.5,0,184,187.5,0],"indexes":[0,1,2,2,1,3],"uv":[79,441,447,441,79,66,447,66],"nuv":[0.1519230769230769,0.12692307692307692,0.8596153846153847,0.12692307692307692,0.1519230769230769,0.8480769230769231,0.8596153846153847,0.8480769230769231],"minPos":{"x":-184,"y":-187.5,"z":0},"maxPos":{"x":184,"y":187.5,"z":0}},"packable":true,"pixelsToUnit":100,"pivot":{"x":0.5,"y":0.5},"meshType":0}],[0],0,[0],[0],[5]],[[{"name":"Dr_B_10","rect":{"x":75,"y":82,"width":370,"height":356},"offset":{"x":0,"y":0},"originalSize":{"width":520,"height":520},"rotated":false,"capInsets":[0,0,0,0],"vertices":{"rawPosition":[-185,-178,0,185,-178,0,-185,178,0,185,178,0],"indexes":[0,1,2,2,1,3],"uv":[75,438,445,438,75,82,445,82],"nuv":[0.14423076923076922,0.1576923076923077,0.8557692307692307,0.1576923076923077,0.14423076923076922,0.8423076923076923,0.8557692307692307,0.8423076923076923],"minPos":{"x":-185,"y":-178,"z":0},"maxPos":{"x":185,"y":178,"z":0}},"packable":true,"pixelsToUnit":100,"pivot":{"x":0.5,"y":0.5},"meshType":0}],[0],0,[0],[0],[6]],[[{"name":"SpitFire07","rect":{"x":39,"y":147,"width":459,"height":226},"offset":{"x":8.5,"y":0},"originalSize":{"width":520,"height":520},"rotated":false,"capInsets":[0,0,0,0],"vertices":{"rawPosition":[-229.5,-113,0,229.5,-113,0,-229.5,113,0,229.5,113,0],"indexes":[0,1,2,2,1,3],"uv":[39,373,498,373,39,147,498,147],"nuv":[0.075,0.2826923076923077,0.9576923076923077,0.2826923076923077,0.075,0.7173076923076923,0.9576923076923077,0.7173076923076923],"minPos":{"x":-229.5,"y":-113,"z":0},"maxPos":{"x":229.5,"y":113,"z":0}},"packable":true,"pixelsToUnit":100,"pivot":{"x":0.5,"y":0.5},"meshType":0}],[0],0,[0],[0],[7]],[[{"name":"SpitFire12","rect":{"x":478,"y":250,"width":20,"height":20},"offset":{"x":228,"y":0},"originalSize":{"width":520,"height":520},"rotated":false,"capInsets":[0,0,0,0],"vertices":{"rawPosition":[-10,-10,0,10,-10,0,-10,10,0,10,10,0],"indexes":[0,1,2,2,1,3],"uv":[478,270,498,270,478,250,498,250],"nuv":[0.9192307692307692,0.4807692307692308,0.9576923076923077,0.4807692307692308,0.9192307692307692,0.5192307692307693,0.9576923076923077,0.5192307692307693],"minPos":{"x":-10,"y":-10,"z":0},"maxPos":{"x":10,"y":10,"z":0}},"packable":true,"pixelsToUnit":100,"pivot":{"x":0.5,"y":0.5},"meshType":0}],[0],0,[0],[0],[8]],[[{"name":"Dr_B_02","rect":{"x":84,"y":76,"width":352,"height":368},"offset":{"x":0,"y":0},"originalSize":{"width":520,"height":520},"rotated":false,"capInsets":[0,0,0,0],"vertices":{"rawPosition":[-176,-184,0,176,-184,0,-176,184,0,176,184,0],"indexes":[0,1,2,2,1,3],"uv":[84,444,436,444,84,76,436,76],"nuv":[0.16153846153846155,0.14615384615384616,0.8384615384615385,0.14615384615384616,0.16153846153846155,0.8538461538461538,0.8384615384615385,0.8538461538461538],"minPos":{"x":-176,"y":-184,"z":0},"maxPos":{"x":176,"y":184,"z":0}},"packable":true,"pixelsToUnit":100,"pivot":{"x":0.5,"y":0.5},"meshType":0}],[0],0,[0],[0],[9]],[[{"name":"Dr_B_25","rect":{"x":51,"y":94,"width":378,"height":350},"offset":{"x":-20,"y":-9},"originalSize":{"width":520,"height":520},"rotated":false,"capInsets":[0,0,0,0],"vertices":{"rawPosition":[-189,-175,0,189,-175,0,-189,175,0,189,175,0],"indexes":[0,1,2,2,1,3],"uv":[51,426,429,426,51,76,429,76],"nuv":[0.09807692307692308,0.14615384615384616,0.825,0.14615384615384616,0.09807692307692308,0.8192307692307692,0.825,0.8192307692307692],"minPos":{"x":-189,"y":-175,"z":0},"maxPos":{"x":189,"y":175,"z":0}},"packable":true,"pixelsToUnit":100,"pivot":{"x":0.5,"y":0.5},"meshType":0}],[0],0,[0],[0],[10]],[[{"name":"SpitFire00","rect":{"x":69,"y":243,"width":51,"height":34},"offset":{"x":-165.5,"y":0},"originalSize":{"width":520,"height":520},"rotated":false,"capInsets":[0,0,0,0],"vertices":{"rawPosition":[-25.5,-17,0,25.5,-17,0,-25.5,17,0,25.5,17,0],"indexes":[0,1,2,2,1,3],"uv":[69,277,120,277,69,243,120,243],"nuv":[0.1326923076923077,0.4673076923076923,0.23076923076923078,0.4673076923076923,0.1326923076923077,0.5326923076923077,0.23076923076923078,0.5326923076923077],"minPos":{"x":-25.5,"y":-17,"z":0},"maxPos":{"x":25.5,"y":17,"z":0}},"packable":true,"pixelsToUnit":100,"pivot":{"x":0.5,"y":0.5},"meshType":0}],[0],0,[0],[0],[11]],[[{"name":"Dr_B_28","rect":{"x":78,"y":79,"width":366,"height":374},"offset":{"x":1,"y":-6},"originalSize":{"width":520,"height":520},"rotated":false,"capInsets":[0,0,0,0],"vertices":{"rawPosition":[-183,-187,0,183,-187,0,-183,187,0,183,187,0],"indexes":[0,1,2,2,1,3],"uv":[78,441,444,441,78,67,444,67],"nuv":[0.15,0.12884615384615383,0.8538461538461538,0.12884615384615383,0.15,0.8480769230769231,0.8538461538461538,0.8480769230769231],"minPos":{"x":-183,"y":-187,"z":0},"maxPos":{"x":183,"y":187,"z":0}},"packable":true,"pixelsToUnit":100,"pivot":{"x":0.5,"y":0.5},"meshType":0}],[0],0,[0],[0],[12]],[[{"name":"SpitFire10","rect":{"x":13,"y":103,"width":485,"height":314},"offset":{"x":-4.5,"y":0},"originalSize":{"width":520,"height":520},"rotated":false,"capInsets":[0,0,0,0],"vertices":{"rawPosition":[-242.5,-157,0,242.5,-157,0,-242.5,157,0,242.5,157,0],"indexes":[0,1,2,2,1,3],"uv":[13,417,498,417,13,103,498,103],"nuv":[0.025,0.19807692307692307,0.9576923076923077,0.19807692307692307,0.025,0.801923076923077,0.9576923076923077,0.801923076923077],"minPos":{"x":-242.5,"y":-157,"z":0},"maxPos":{"x":242.5,"y":157,"z":0}},"packable":true,"pixelsToUnit":100,"pivot":{"x":0.5,"y":0.5},"meshType":0}],[0],0,[0],[0],[13]],[[{"name":"Dr_B_12","rect":{"x":72,"y":73,"width":376,"height":374},"offset":{"x":0,"y":0},"originalSize":{"width":520,"height":520},"rotated":false,"capInsets":[0,0,0,0],"vertices":{"rawPosition":[-188,-187,0,188,-187,0,-188,187,0,188,187,0],"indexes":[0,1,2,2,1,3],"uv":[72,447,448,447,72,73,448,73],"nuv":[0.13846153846153847,0.14038461538461539,0.8615384615384616,0.14038461538461539,0.13846153846153847,0.8596153846153847,0.8615384615384616,0.8596153846153847],"minPos":{"x":-188,"y":-187,"z":0},"maxPos":{"x":188,"y":187,"z":0}},"packable":true,"pixelsToUnit":100,"pivot":{"x":0.5,"y":0.5},"meshType":0}],[0],0,[0],[0],[14]],[[{"name":"SpitFire17","rect":{"x":519,"y":519,"width":1,"height":1},"offset":{"x":259.5,"y":-259.5},"originalSize":{"width":520,"height":520},"rotated":false,"capInsets":[0,0,0,0],"vertices":{"rawPosition":[-0.5,-0.5,0,0.5,-0.5,0,-0.5,0.5,0,0.5,0.5,0],"indexes":[0,1,2,2,1,3],"uv":[519,1,520,1,519,0,520,0],"nuv":[0.9980769230769231,0,1,0,0.9980769230769231,0.0019230769230769232,1,0.0019230769230769232],"minPos":{"x":-0.5,"y":-0.5,"z":0},"maxPos":{"x":0.5,"y":0.5,"z":0}},"packable":true,"pixelsToUnit":100,"pivot":{"x":0.5,"y":0.5},"meshType":0}],[0],0,[0],[0],[15]],[[{"name":"SpitFire18","rect":{"x":519,"y":519,"width":1,"height":1},"offset":{"x":259.5,"y":-259.5},"originalSize":{"width":520,"height":520},"rotated":false,"capInsets":[0,0,0,0],"vertices":{"rawPosition":[-0.5,-0.5,0,0.5,-0.5,0,-0.5,0.5,0,0.5,0.5,0],"indexes":[0,1,2,2,1,3],"uv":[519,1,520,1,519,0,520,0],"nuv":[0.9980769230769231,0,1,0,0.9980769230769231,0.0019230769230769232,1,0.0019230769230769232],"minPos":{"x":-0.5,"y":-0.5,"z":0},"maxPos":{"x":0.5,"y":0.5,"z":0}},"packable":true,"pixelsToUnit":100,"pivot":{"x":0.5,"y":0.5},"meshType":0}],[0],0,[0],[0],[16]],[[{"name":"SpitFire11","rect":{"x":478,"y":250,"width":20,"height":20},"offset":{"x":228,"y":0},"originalSize":{"width":520,"height":520},"rotated":false,"capInsets":[0,0,0,0],"vertices":{"rawPosition":[-10,-10,0,10,-10,0,-10,10,0,10,10,0],"indexes":[0,1,2,2,1,3],"uv":[478,270,498,270,478,250,498,250],"nuv":[0.9192307692307692,0.4807692307692308,0.9576923076923077,0.4807692307692308,0.9192307692307692,0.5192307692307693,0.9576923076923077,0.5192307692307693],"minPos":{"x":-10,"y":-10,"z":0},"maxPos":{"x":10,"y":10,"z":0}},"packable":true,"pixelsToUnit":100,"pivot":{"x":0.5,"y":0.5},"meshType":0}],[0],0,[0],[0],[17]],[[{"name":"Dr_B_34","rect":{"x":85,"y":77,"width":351,"height":366},"offset":{"x":0.5,"y":0},"originalSize":{"width":520,"height":520},"rotated":false,"capInsets":[0,0,0,0],"vertices":{"rawPosition":[-175.5,-183,0,175.5,-183,0,-175.5,183,0,175.5,183,0],"indexes":[0,1,2,2,1,3],"uv":[85,443,436,443,85,77,436,77],"nuv":[0.16346153846153846,0.14807692307692308,0.8384615384615385,0.14807692307692308,0.16346153846153846,0.8519230769230769,0.8384615384615385,0.8519230769230769],"minPos":{"x":-175.5,"y":-183,"z":0},"maxPos":{"x":175.5,"y":183,"z":0}},"packable":true,"pixelsToUnit":100,"pivot":{"x":0.5,"y":0.5},"meshType":0}],[0],0,[0],[0],[18]],[[{"name":"Dr_B_26","rect":{"x":44,"y":78,"width":398,"height":377},"offset":{"x":-17,"y":-6.5},"originalSize":{"width":520,"height":520},"rotated":false,"capInsets":[0,0,0,0],"vertices":{"rawPosition":[-199,-188.5,0,199,-188.5,0,-199,188.5,0,199,188.5,0],"indexes":[0,1,2,2,1,3],"uv":[44,442,442,442,44,65,442,65],"nuv":[0.08461538461538462,0.125,0.85,0.125,0.08461538461538462,0.85,0.85,0.85],"minPos":{"x":-199,"y":-188.5,"z":0},"maxPos":{"x":199,"y":188.5,"z":0}},"packable":true,"pixelsToUnit":100,"pivot":{"x":0.5,"y":0.5},"meshType":0}],[0],0,[0],[0],[19]],[[{"name":"Dr_B_13","rect":{"x":72,"y":73,"width":376,"height":374},"offset":{"x":0,"y":0},"originalSize":{"width":520,"height":520},"rotated":false,"capInsets":[0,0,0,0],"vertices":{"rawPosition":[-188,-187,0,188,-187,0,-188,187,0,188,187,0],"indexes":[0,1,2,2,1,3],"uv":[72,447,448,447,72,73,448,73],"nuv":[0.13846153846153847,0.14038461538461539,0.8615384615384616,0.14038461538461539,0.13846153846153847,0.8596153846153847,0.8615384615384616,0.8596153846153847],"minPos":{"x":-188,"y":-187,"z":0},"maxPos":{"x":188,"y":187,"z":0}},"packable":true,"pixelsToUnit":100,"pivot":{"x":0.5,"y":0.5},"meshType":0}],[0],0,[0],[0],[20]],[[{"name":"Dr_B_03","rect":{"x":84,"y":76,"width":352,"height":368},"offset":{"x":0,"y":0},"originalSize":{"width":520,"height":520},"rotated":false,"capInsets":[0,0,0,0],"vertices":{"rawPosition":[-176,-184,0,176,-184,0,-176,184,0,176,184,0],"indexes":[0,1,2,2,1,3],"uv":[84,444,436,444,84,76,436,76],"nuv":[0.16153846153846155,0.14615384615384616,0.8384615384615385,0.14615384615384616,0.16153846153846155,0.8538461538461538,0.8384615384615385,0.8538461538461538],"minPos":{"x":-176,"y":-184,"z":0},"maxPos":{"x":176,"y":184,"z":0}},"packable":true,"pixelsToUnit":100,"pivot":{"x":0.5,"y":0.5},"meshType":0}],[0],0,[0],[0],[21]],[[{"name":"Dr_B_17","rect":{"x":53,"y":50,"width":399,"height":356},"offset":{"x":-7.5,"y":32},"originalSize":{"width":520,"height":520},"rotated":false,"capInsets":[0,0,0,0],"vertices":{"rawPosition":[-199.5,-178,0,199.5,-178,0,-199.5,178,0,199.5,178,0],"indexes":[0,1,2,2,1,3],"uv":[53,470,452,470,53,114,452,114],"nuv":[0.10192307692307692,0.21923076923076923,0.8692307692307693,0.21923076923076923,0.10192307692307692,0.9038461538461539,0.8692307692307693,0.9038461538461539],"minPos":{"x":-199.5,"y":-178,"z":0},"maxPos":{"x":199.5,"y":178,"z":0}},"packable":true,"pixelsToUnit":100,"pivot":{"x":0.5,"y":0.5},"meshType":0}],[0],0,[0],[0],[22]],[[{"name":"Dr_B_35","rect":{"x":84,"y":76,"width":352,"height":368},"offset":{"x":0,"y":0},"originalSize":{"width":520,"height":520},"rotated":false,"capInsets":[0,0,0,0],"vertices":{"rawPosition":[-176,-184,0,176,-184,0,-176,184,0,176,184,0],"indexes":[0,1,2,2,1,3],"uv":[84,444,436,444,84,76,436,76],"nuv":[0.16153846153846155,0.14615384615384616,0.8384615384615385,0.14615384615384616,0.16153846153846155,0.8538461538461538,0.8384615384615385,0.8538461538461538],"minPos":{"x":-176,"y":-184,"z":0},"maxPos":{"x":176,"y":184,"z":0}},"packable":true,"pixelsToUnit":100,"pivot":{"x":0.5,"y":0.5},"meshType":0}],[0],0,[0],[0],[23]],[[{"name":"Dr_B_18","rect":{"x":53,"y":50,"width":395,"height":355},"offset":{"x":-9.5,"y":32.5},"originalSize":{"width":520,"height":520},"rotated":false,"capInsets":[0,0,0,0],"vertices":{"rawPosition":[-197.5,-177.5,0,197.5,-177.5,0,-197.5,177.5,0,197.5,177.5,0],"indexes":[0,1,2,2,1,3],"uv":[53,470,448,470,53,115,448,115],"nuv":[0.10192307692307692,0.22115384615384615,0.8615384615384616,0.22115384615384615,0.10192307692307692,0.9038461538461539,0.8615384615384616,0.9038461538461539],"minPos":{"x":-197.5,"y":-177.5,"z":0},"maxPos":{"x":197.5,"y":177.5,"z":0}},"packable":true,"pixelsToUnit":100,"pivot":{"x":0.5,"y":0.5},"meshType":0}],[0],0,[0],[0],[24]],[[{"name":"floating00","rect":{"x":1,"y":1,"width":374,"height":398},"offset":{"x":-17,"y":11},"originalSize":{"width":512,"height":512},"rotated":true,"capInsets":[0,0,0,0],"vertices":{"rawPosition":[],"indexes":[],"uv":[],"nuv":[],"minPos":{"x":0,"y":0,"z":0},"maxPos":{"x":0,"y":0,"z":0}},"packable":true,"pixelsToUnit":100,"pivot":{"x":0.5,"y":0.5},"meshType":0}],[0],0,[0],[0],[25]],[[{"name":"Dr_B_16","rect":{"x":53,"y":50,"width":399,"height":356},"offset":{"x":-7.5,"y":32},"originalSize":{"width":520,"height":520},"rotated":false,"capInsets":[0,0,0,0],"vertices":{"rawPosition":[-199.5,-178,0,199.5,-178,0,-199.5,178,0,199.5,178,0],"indexes":[0,1,2,2,1,3],"uv":[53,470,452,470,53,114,452,114],"nuv":[0.10192307692307692,0.21923076923076923,0.8692307692307693,0.21923076923076923,0.10192307692307692,0.9038461538461539,0.8692307692307693,0.9038461538461539],"minPos":{"x":-199.5,"y":-178,"z":0},"maxPos":{"x":199.5,"y":178,"z":0}},"packable":true,"pixelsToUnit":100,"pivot":{"x":0.5,"y":0.5},"meshType":0}],[0],0,[0],[0],[26]],[[{"name":"SpitFire04","rect":{"x":61,"y":186,"width":433,"height":148},"offset":{"x":17.5,"y":0},"originalSize":{"width":520,"height":520},"rotated":false,"capInsets":[0,0,0,0],"vertices":{"rawPosition":[-216.5,-74,0,216.5,-74,0,-216.5,74,0,216.5,74,0],"indexes":[0,1,2,2,1,3],"uv":[61,334,494,334,61,186,494,186],"nuv":[0.11730769230769231,0.3576923076923077,0.95,0.3576923076923077,0.11730769230769231,0.6423076923076924,0.95,0.6423076923076924],"minPos":{"x":-216.5,"y":-74,"z":0},"maxPos":{"x":216.5,"y":74,"z":0}},"packable":true,"pixelsToUnit":100,"pivot":{"x":0.5,"y":0.5},"meshType":0}],[0],0,[0],[0],[27]],[[{"name":"Dr_B_33","rect":{"x":87,"y":78,"width":351,"height":363},"offset":{"x":2.5,"y":0.5},"originalSize":{"width":520,"height":520},"rotated":false,"capInsets":[0,0,0,0],"vertices":{"rawPosition":[-175.5,-181.5,0,175.5,-181.5,0,-175.5,181.5,0,175.5,181.5,0],"indexes":[0,1,2,2,1,3],"uv":[87,442,438,442,87,79,438,79],"nuv":[0.1673076923076923,0.1519230769230769,0.8423076923076923,0.1519230769230769,0.1673076923076923,0.85,0.8423076923076923,0.85],"minPos":{"x":-175.5,"y":-181.5,"z":0},"maxPos":{"x":175.5,"y":181.5,"z":0}},"packable":true,"pixelsToUnit":100,"pivot":{"x":0.5,"y":0.5},"meshType":0}],[0],0,[0],[0],[28]],[[{"name":"Dr_B_06","rect":{"x":75,"y":77,"width":370,"height":366},"offset":{"x":0,"y":0},"originalSize":{"width":520,"height":520},"rotated":false,"capInsets":[0,0,0,0],"vertices":{"rawPosition":[-185,-183,0,185,-183,0,-185,183,0,185,183,0],"indexes":[0,1,2,2,1,3],"uv":[75,443,445,443,75,77,445,77],"nuv":[0.14423076923076922,0.14807692307692308,0.8557692307692307,0.14807692307692308,0.14423076923076922,0.8519230769230769,0.8557692307692307,0.8519230769230769],"minPos":{"x":-185,"y":-183,"z":0},"maxPos":{"x":185,"y":183,"z":0}},"packable":true,"pixelsToUnit":100,"pivot":{"x":0.5,"y":0.5},"meshType":0}],[0],0,[0],[0],[29]],[[{"name":"Dr_B_21","rect":{"x":72,"y":73,"width":376,"height":374},"offset":{"x":0,"y":0},"originalSize":{"width":520,"height":520},"rotated":false,"capInsets":[0,0,0,0],"vertices":{"rawPosition":[-188,-187,0,188,-187,0,-188,187,0,188,187,0],"indexes":[0,1,2,2,1,3],"uv":[72,447,448,447,72,73,448,73],"nuv":[0.13846153846153847,0.14038461538461539,0.8615384615384616,0.14038461538461539,0.13846153846153847,0.8596153846153847,0.8615384615384616,0.8596153846153847],"minPos":{"x":-188,"y":-187,"z":0},"maxPos":{"x":188,"y":187,"z":0}},"packable":true,"pixelsToUnit":100,"pivot":{"x":0.5,"y":0.5},"meshType":0}],[0],0,[0],[0],[30]],[[{"name":"Dr_B_05","rect":{"x":75,"y":75,"width":369,"height":371},"offset":{"x":-0.5,"y":-0.5},"originalSize":{"width":520,"height":520},"rotated":false,"capInsets":[0,0,0,0],"vertices":{"rawPosition":[-184.5,-185.5,0,184.5,-185.5,0,-184.5,185.5,0,184.5,185.5,0],"indexes":[0,1,2,2,1,3],"uv":[75,445,444,445,75,74,444,74],"nuv":[0.14423076923076922,0.1423076923076923,0.8538461538461538,0.1423076923076923,0.14423076923076922,0.8557692307692307,0.8538461538461538,0.8557692307692307],"minPos":{"x":-184.5,"y":-185.5,"z":0},"maxPos":{"x":184.5,"y":185.5,"z":0}},"packable":true,"pixelsToUnit":100,"pivot":{"x":0.5,"y":0.5},"meshType":0}],[0],0,[0],[0],[31]],[[{"name":"SpitFire14","rect":{"x":478,"y":250,"width":20,"height":20},"offset":{"x":228,"y":0},"originalSize":{"width":520,"height":520},"rotated":false,"capInsets":[0,0,0,0],"vertices":{"rawPosition":[-10,-10,0,10,-10,0,-10,10,0,10,10,0],"indexes":[0,1,2,2,1,3],"uv":[478,270,498,270,478,250,498,250],"nuv":[0.9192307692307692,0.4807692307692308,0.9576923076923077,0.4807692307692308,0.9192307692307692,0.5192307692307693,0.9576923076923077,0.5192307692307693],"minPos":{"x":-10,"y":-10,"z":0},"maxPos":{"x":10,"y":10,"z":0}},"packable":true,"pixelsToUnit":100,"pivot":{"x":0.5,"y":0.5},"meshType":0}],[0],0,[0],[0],[32]],[[{"name":"Dr_B_07","rect":{"x":75,"y":77,"width":370,"height":366},"offset":{"x":0,"y":0},"originalSize":{"width":520,"height":520},"rotated":false,"capInsets":[0,0,0,0],"vertices":{"rawPosition":[-185,-183,0,185,-183,0,-185,183,0,185,183,0],"indexes":[0,1,2,2,1,3],"uv":[75,443,445,443,75,77,445,77],"nuv":[0.14423076923076922,0.14807692307692308,0.8557692307692307,0.14807692307692308,0.14423076923076922,0.8519230769230769,0.8557692307692307,0.8519230769230769],"minPos":{"x":-185,"y":-183,"z":0},"maxPos":{"x":185,"y":183,"z":0}},"packable":true,"pixelsToUnit":100,"pivot":{"x":0.5,"y":0.5},"meshType":0}],[0],0,[0],[0],[33]],[[{"name":"Dr_B_22","rect":{"x":72,"y":73,"width":376,"height":374},"offset":{"x":0,"y":0},"originalSize":{"width":520,"height":520},"rotated":false,"capInsets":[0,0,0,0],"vertices":{"rawPosition":[-188,-187,0,188,-187,0,-188,187,0,188,187,0],"indexes":[0,1,2,2,1,3],"uv":[72,447,448,447,72,73,448,73],"nuv":[0.13846153846153847,0.14038461538461539,0.8615384615384616,0.14038461538461539,0.13846153846153847,0.8596153846153847,0.8615384615384616,0.8596153846153847],"minPos":{"x":-188,"y":-187,"z":0},"maxPos":{"x":188,"y":187,"z":0}},"packable":true,"pixelsToUnit":100,"pivot":{"x":0.5,"y":0.5},"meshType":0}],[0],0,[0],[0],[34]],[[{"name":"Dr_B_29","rect":{"x":76,"y":75,"width":368,"height":376},"offset":{"x":0,"y":-3},"originalSize":{"width":520,"height":520},"rotated":false,"capInsets":[0,0,0,0],"vertices":{"rawPosition":[-184,-188,0,184,-188,0,-184,188,0,184,188,0],"indexes":[0,1,2,2,1,3],"uv":[76,445,444,445,76,69,444,69],"nuv":[0.14615384615384616,0.1326923076923077,0.8538461538461538,0.1326923076923077,0.14615384615384616,0.8557692307692307,0.8538461538461538,0.8557692307692307],"minPos":{"x":-184,"y":-188,"z":0},"maxPos":{"x":184,"y":188,"z":0}},"packable":true,"pixelsToUnit":100,"pivot":{"x":0.5,"y":0.5},"meshType":0}],[0],0,[0],[0],[35]],[[{"name":"Dr_B_19","rect":{"x":53,"y":50,"width":391,"height":355},"offset":{"x":-11.5,"y":32.5},"originalSize":{"width":520,"height":520},"rotated":false,"capInsets":[0,0,0,0],"vertices":{"rawPosition":[-195.5,-177.5,0,195.5,-177.5,0,-195.5,177.5,0,195.5,177.5,0],"indexes":[0,1,2,2,1,3],"uv":[53,470,444,470,53,115,444,115],"nuv":[0.10192307692307692,0.22115384615384615,0.8538461538461538,0.22115384615384615,0.10192307692307692,0.9038461538461539,0.8538461538461538,0.9038461538461539],"minPos":{"x":-195.5,"y":-177.5,"z":0},"maxPos":{"x":195.5,"y":177.5,"z":0}},"packable":true,"pixelsToUnit":100,"pivot":{"x":0.5,"y":0.5},"meshType":0}],[0],0,[0],[0],[36]],[[{"name":"Dr_B_32","rect":{"x":89,"y":80,"width":351,"height":360},"offset":{"x":4.5,"y":0},"originalSize":{"width":520,"height":520},"rotated":false,"capInsets":[0,0,0,0],"vertices":{"rawPosition":[-175.5,-180,0,175.5,-180,0,-175.5,180,0,175.5,180,0],"indexes":[0,1,2,2,1,3],"uv":[89,440,440,440,89,80,440,80],"nuv":[0.17115384615384616,0.15384615384615385,0.8461538461538461,0.15384615384615385,0.17115384615384616,0.8461538461538461,0.8461538461538461,0.8461538461538461],"minPos":{"x":-175.5,"y":-180,"z":0},"maxPos":{"x":175.5,"y":180,"z":0}},"packable":true,"pixelsToUnit":100,"pivot":{"x":0.5,"y":0.5},"meshType":0}],[0],0,[0],[0],[37]],[[{"name":"SpitFire05","rect":{"x":54,"y":173,"width":442,"height":174},"offset":{"x":15,"y":0},"originalSize":{"width":520,"height":520},"rotated":false,"capInsets":[0,0,0,0],"vertices":{"rawPosition":[-221,-87,0,221,-87,0,-221,87,0,221,87,0],"indexes":[0,1,2,2,1,3],"uv":[54,347,496,347,54,173,496,173],"nuv":[0.10384615384615385,0.3326923076923077,0.9538461538461539,0.3326923076923077,0.10384615384615385,0.6673076923076923,0.9538461538461539,0.6673076923076923],"minPos":{"x":-221,"y":-87,"z":0},"maxPos":{"x":221,"y":87,"z":0}},"packable":true,"pixelsToUnit":100,"pivot":{"x":0.5,"y":0.5},"meshType":0}],[0],0,[0],[0],[38]],[[{"name":"SpitFire08","rect":{"x":28,"y":128,"width":470,"height":264},"offset":{"x":3,"y":0},"originalSize":{"width":520,"height":520},"rotated":false,"capInsets":[0,0,0,0],"vertices":{"rawPosition":[-235,-132,0,235,-132,0,-235,132,0,235,132,0],"indexes":[0,1,2,2,1,3],"uv":[28,392,498,392,28,128,498,128],"nuv":[0.05384615384615385,0.24615384615384617,0.9576923076923077,0.24615384615384617,0.05384615384615385,0.7538461538461538,0.9576923076923077,0.7538461538461538],"minPos":{"x":-235,"y":-132,"z":0},"maxPos":{"x":235,"y":132,"z":0}},"packable":true,"pixelsToUnit":100,"pivot":{"x":0.5,"y":0.5},"meshType":0}],[0],0,[0],[0],[39]],[[{"name":"Dr_B_23","rect":{"x":65,"y":86,"width":374,"height":355},"offset":{"x":-8,"y":-3.5},"originalSize":{"width":520,"height":520},"rotated":false,"capInsets":[0,0,0,0],"vertices":{"rawPosition":[-187,-177.5,0,187,-177.5,0,-187,177.5,0,187,177.5,0],"indexes":[0,1,2,2,1,3],"uv":[65,434,439,434,65,79,439,79],"nuv":[0.125,0.1519230769230769,0.8442307692307692,0.1519230769230769,0.125,0.8346153846153846,0.8442307692307692,0.8346153846153846],"minPos":{"x":-187,"y":-177.5,"z":0},"maxPos":{"x":187,"y":177.5,"z":0}},"packable":true,"pixelsToUnit":100,"pivot":{"x":0.5,"y":0.5},"meshType":0}],[0],0,[0],[0],[40]],[[{"name":"Dr_B_15","rect":{"x":53,"y":50,"width":395,"height":355},"offset":{"x":-9.5,"y":32.5},"originalSize":{"width":520,"height":520},"rotated":false,"capInsets":[0,0,0,0],"vertices":{"rawPosition":[-197.5,-177.5,0,197.5,-177.5,0,-197.5,177.5,0,197.5,177.5,0],"indexes":[0,1,2,2,1,3],"uv":[53,470,448,470,53,115,448,115],"nuv":[0.10192307692307692,0.22115384615384615,0.8615384615384616,0.22115384615384615,0.10192307692307692,0.9038461538461539,0.8615384615384616,0.9038461538461539],"minPos":{"x":-197.5,"y":-177.5,"z":0},"maxPos":{"x":197.5,"y":177.5,"z":0}},"packable":true,"pixelsToUnit":100,"pivot":{"x":0.5,"y":0.5},"meshType":0}],[0],0,[0],[0],[41]],[[{"name":"Dr_B_31","rect":{"x":91,"y":81,"width":352,"height":358},"offset":{"x":7,"y":0},"originalSize":{"width":520,"height":520},"rotated":false,"capInsets":[0,0,0,0],"vertices":{"rawPosition":[-176,-179,0,176,-179,0,-176,179,0,176,179,0],"indexes":[0,1,2,2,1,3],"uv":[91,439,443,439,91,81,443,81],"nuv":[0.175,0.15576923076923077,0.8519230769230769,0.15576923076923077,0.175,0.8442307692307692,0.8519230769230769,0.8442307692307692],"minPos":{"x":-176,"y":-179,"z":0},"maxPos":{"x":176,"y":179,"z":0}},"packable":true,"pixelsToUnit":100,"pivot":{"x":0.5,"y":0.5},"meshType":0}],[0],0,[0],[0],[42]],[[{"name":"Dr_B_09","rect":{"x":67,"y":78,"width":386,"height":364},"offset":{"x":0,"y":0},"originalSize":{"width":520,"height":520},"rotated":false,"capInsets":[0,0,0,0],"vertices":{"rawPosition":[-193,-182,0,193,-182,0,-193,182,0,193,182,0],"indexes":[0,1,2,2,1,3],"uv":[67,442,453,442,67,78,453,78],"nuv":[0.12884615384615383,0.15,0.8711538461538462,0.15,0.12884615384615383,0.85,0.8711538461538462,0.85],"minPos":{"x":-193,"y":-182,"z":0},"maxPos":{"x":193,"y":182,"z":0}},"packable":true,"pixelsToUnit":100,"pivot":{"x":0.5,"y":0.5},"meshType":0}],[0],0,[0],[0],[43]],[[{"name":"Dr_B_01","rect":{"x":84,"y":76,"width":352,"height":368},"offset":{"x":0,"y":0},"originalSize":{"width":520,"height":520},"rotated":false,"capInsets":[0,0,0,0],"vertices":{"rawPosition":[-176,-184,0,176,-184,0,-176,184,0,176,184,0],"indexes":[0,1,2,2,1,3],"uv":[84,444,436,444,84,76,436,76],"nuv":[0.16153846153846155,0.14615384615384616,0.8384615384615385,0.14615384615384616,0.16153846153846155,0.8538461538461538,0.8384615384615385,0.8538461538461538],"minPos":{"x":-176,"y":-184,"z":0},"maxPos":{"x":176,"y":184,"z":0}},"packable":true,"pixelsToUnit":100,"pivot":{"x":0.5,"y":0.5},"meshType":0}],[0],0,[0],[0],[44]],[[{"name":"SpitFire03","rect":{"x":51,"y":199,"width":440,"height":122},"offset":{"x":11,"y":0},"originalSize":{"width":520,"height":520},"rotated":false,"capInsets":[0,0,0,0],"vertices":{"rawPosition":[-220,-61,0,220,-61,0,-220,61,0,220,61,0],"indexes":[0,1,2,2,1,3],"uv":[51,321,491,321,51,199,491,199],"nuv":[0.09807692307692308,0.38269230769230766,0.9442307692307692,0.38269230769230766,0.09807692307692308,0.6173076923076923,0.9442307692307692,0.6173076923076923],"minPos":{"x":-220,"y":-61,"z":0},"maxPos":{"x":220,"y":61,"z":0}},"packable":true,"pixelsToUnit":100,"pivot":{"x":0.5,"y":0.5},"meshType":0}],[0],0,[0],[0],[45]],[[{"name":"Dr_B_08","rect":{"x":67,"y":78,"width":386,"height":364},"offset":{"x":0,"y":0},"originalSize":{"width":520,"height":520},"rotated":false,"capInsets":[0,0,0,0],"vertices":{"rawPosition":[-193,-182,0,193,-182,0,-193,182,0,193,182,0],"indexes":[0,1,2,2,1,3],"uv":[67,442,453,442,67,78,453,78],"nuv":[0.12884615384615383,0.15,0.8711538461538462,0.15,0.12884615384615383,0.85,0.8711538461538462,0.85],"minPos":{"x":-193,"y":-182,"z":0},"maxPos":{"x":193,"y":182,"z":0}},"packable":true,"pixelsToUnit":100,"pivot":{"x":0.5,"y":0.5},"meshType":0}],[0],0,[0],[0],[46]],[[{"name":"Dr_B_30","rect":{"x":90,"y":79,"width":351,"height":361},"offset":{"x":5.5,"y":0.5},"originalSize":{"width":520,"height":520},"rotated":false,"capInsets":[0,0,0,0],"vertices":{"rawPosition":[-175.5,-180.5,0,175.5,-180.5,0,-175.5,180.5,0,175.5,180.5,0],"indexes":[0,1,2,2,1,3],"uv":[90,441,441,441,90,80,441,80],"nuv":[0.17307692307692307,0.15384615384615385,0.8480769230769231,0.15384615384615385,0.17307692307692307,0.8480769230769231,0.8480769230769231,0.8480769230769231],"minPos":{"x":-175.5,"y":-180.5,"z":0},"maxPos":{"x":175.5,"y":180.5,"z":0}},"packable":true,"pixelsToUnit":100,"pivot":{"x":0.5,"y":0.5},"meshType":0}],[0],0,[0],[0],[47]],[[{"name":"SpitFire01","rect":{"x":57,"y":236,"width":215,"height":48},"offset":{"x":-95.5,"y":0},"originalSize":{"width":520,"height":520},"rotated":false,"capInsets":[0,0,0,0],"vertices":{"rawPosition":[-107.5,-24,0,107.5,-24,0,-107.5,24,0,107.5,24,0],"indexes":[0,1,2,2,1,3],"uv":[57,284,272,284,57,236,272,236],"nuv":[0.10961538461538461,0.45384615384615384,0.5230769230769231,0.45384615384615384,0.10961538461538461,0.5461538461538461,0.5230769230769231,0.5461538461538461],"minPos":{"x":-107.5,"y":-24,"z":0},"maxPos":{"x":107.5,"y":24,"z":0}},"packable":true,"pixelsToUnit":100,"pivot":{"x":0.5,"y":0.5},"meshType":0}],[0],0,[0],[0],[48]],[[{"name":"Dr_B_04","rect":{"x":75,"y":75,"width":369,"height":371},"offset":{"x":-0.5,"y":-0.5},"originalSize":{"width":520,"height":520},"rotated":false,"capInsets":[0,0,0,0],"vertices":{"rawPosition":[-184.5,-185.5,0,184.5,-185.5,0,-184.5,185.5,0,184.5,185.5,0],"indexes":[0,1,2,2,1,3],"uv":[75,445,444,445,75,74,444,74],"nuv":[0.14423076923076922,0.1423076923076923,0.8538461538461538,0.1423076923076923,0.14423076923076922,0.8557692307692307,0.8538461538461538,0.8557692307692307],"minPos":{"x":-184.5,"y":-185.5,"z":0},"maxPos":{"x":184.5,"y":185.5,"z":0}},"packable":true,"pixelsToUnit":100,"pivot":{"x":0.5,"y":0.5},"meshType":0}],[0],0,[0],[0],[49]],[[{"name":"SpitFire09","rect":{"x":20,"y":115,"width":478,"height":290},"offset":{"x":-1,"y":0},"originalSize":{"width":520,"height":520},"rotated":false,"capInsets":[0,0,0,0],"vertices":{"rawPosition":[-239,-145,0,239,-145,0,-239,145,0,239,145,0],"indexes":[0,1,2,2,1,3],"uv":[20,405,498,405,20,115,498,115],"nuv":[0.038461538461538464,0.22115384615384615,0.9576923076923077,0.22115384615384615,0.038461538461538464,0.7788461538461539,0.9576923076923077,0.7788461538461539],"minPos":{"x":-239,"y":-145,"z":0},"maxPos":{"x":239,"y":145,"z":0}},"packable":true,"pixelsToUnit":100,"pivot":{"x":0.5,"y":0.5},"meshType":0}],[0],0,[0],[0],[50]],[[{"name":"Dr_B_24","rect":{"x":59,"y":89,"width":375,"height":353},"offset":{"x":-13.5,"y":-5.5},"originalSize":{"width":520,"height":520},"rotated":false,"capInsets":[0,0,0,0],"vertices":{"rawPosition":[-187.5,-176.5,0,187.5,-176.5,0,-187.5,176.5,0,187.5,176.5,0],"indexes":[0,1,2,2,1,3],"uv":[59,431,434,431,59,78,434,78],"nuv":[0.11346153846153846,0.15,0.8346153846153846,0.15,0.11346153846153846,0.8288461538461539,0.8346153846153846,0.8288461538461539],"minPos":{"x":-187.5,"y":-176.5,"z":0},"maxPos":{"x":187.5,"y":176.5,"z":0}},"packable":true,"pixelsToUnit":100,"pivot":{"x":0.5,"y":0.5},"meshType":0}],[0],0,[0],[0],[51]],[[{"name":"Dr_B_14","rect":{"x":55,"y":57,"width":384,"height":376},"offset":{"x":-13,"y":15},"originalSize":{"width":520,"height":520},"rotated":false,"capInsets":[0,0,0,0],"vertices":{"rawPosition":[-192,-188,0,192,-188,0,-192,188,0,192,188,0],"indexes":[0,1,2,2,1,3],"uv":[55,463,439,463,55,87,439,87],"nuv":[0.10576923076923077,0.1673076923076923,0.8442307692307692,0.1673076923076923,0.10576923076923077,0.8903846153846153,0.8442307692307692,0.8903846153846153],"minPos":{"x":-192,"y":-188,"z":0},"maxPos":{"x":192,"y":188,"z":0}},"packable":true,"pixelsToUnit":100,"pivot":{"x":0.5,"y":0.5},"meshType":0}],[0],0,[0],[0],[52]],[[{"name":"SpitFire06","rect":{"x":46,"y":160,"width":452,"height":200},"offset":{"x":12,"y":0},"originalSize":{"width":520,"height":520},"rotated":false,"capInsets":[0,0,0,0],"vertices":{"rawPosition":[-226,-100,0,226,-100,0,-226,100,0,226,100,0],"indexes":[0,1,2,2,1,3],"uv":[46,360,498,360,46,160,498,160],"nuv":[0.08846153846153847,0.3076923076923077,0.9576923076923077,0.3076923076923077,0.08846153846153847,0.6923076923076923,0.9576923076923077,0.6923076923076923],"minPos":{"x":-226,"y":-100,"z":0},"maxPos":{"x":226,"y":100,"z":0}},"packable":true,"pixelsToUnit":100,"pivot":{"x":0.5,"y":0.5},"meshType":0}],[0],0,[0],[0],[53]],[[{"name":"SpitFire16","rect":{"x":519,"y":519,"width":1,"height":1},"offset":{"x":259.5,"y":-259.5},"originalSize":{"width":520,"height":520},"rotated":false,"capInsets":[0,0,0,0],"vertices":{"rawPosition":[-0.5,-0.5,0,0.5,-0.5,0,-0.5,0.5,0,0.5,0.5,0],"indexes":[0,1,2,2,1,3],"uv":[519,1,520,1,519,0,520,0],"nuv":[0.9980769230769231,0,1,0,0.9980769230769231,0.0019230769230769232,1,0.0019230769230769232],"minPos":{"x":-0.5,"y":-0.5,"z":0},"maxPos":{"x":0.5,"y":0.5,"z":0}},"packable":true,"pixelsToUnit":100,"pivot":{"x":0.5,"y":0.5},"meshType":0}],[0],0,[0],[0],[54]]]]
