[1,["6766VUwDxC8b779EGbM1is@6c48a"],["_textureSource"],["cc.SpriteFrame"],0,[{"name":"Explo04","rect":{"x":65,"y":79,"width":390,"height":362},"offset":{"x":0,"y":0},"originalSize":{"width":520,"height":520},"rotated":false,"capInsets":[0,0,0,0],"vertices":{"rawPosition":[-195,-181,0,195,-181,0,-195,181,0,195,181,0],"indexes":[0,1,2,2,1,3],"uv":[65,441,455,441,65,79,455,79],"nuv":[0.125,0.1519230769230769,0.875,0.1519230769230769,0.125,0.8480769230769231,0.875,0.8480769230769231],"minPos":{"x":-195,"y":-181,"z":0},"maxPos":{"x":195,"y":181,"z":0}},"packable":true,"pixelsToUnit":100,"pivot":{"x":0.5,"y":0.5},"meshType":0}],[0],0,[0],[0],[0]]
