[1,["f4HW0/WPFDoaOXFXHsbgwE@6c48a"],["_textureSource"],["cc.SpriteFrame"],0,[{"name":"Frame 427322247","rect":{"x":0,"y":4,"width":99,"height":149},"offset":{"x":0,"y":0.5},"originalSize":{"width":99,"height":158},"rotated":false,"capInsets":[0,0,0,0],"vertices":{"rawPosition":[-49.5,-74.5,0,49.5,-74.5,0,-49.5,74.5,0,49.5,74.5,0],"indexes":[0,1,2,2,1,3],"uv":[0,154,99,154,0,5,99,5],"nuv":[0,0.03164556962025317,1,0.03164556962025317,0,0.9746835443037974,1,0.9746835443037974],"minPos":{"x":-49.5,"y":-74.5,"z":0},"maxPos":{"x":49.5,"y":74.5,"z":0}},"packable":true,"pixelsToUnit":100,"pivot":{"x":0.5,"y":0.5},"meshType":0}],[0],0,[0],[0],[0]]
