[1,["51e7biyq1KGqCq7NTlsZIm@6c48a"],["_textureSource"],["cc.SpriteFrame"],0,[{"name":"Elixir_Loading06","rect":{"x":511,"y":511,"width":1,"height":1},"offset":{"x":255.5,"y":-255.5},"originalSize":{"width":512,"height":512},"rotated":false,"capInsets":[0,0,0,0],"vertices":{"rawPosition":[-0.5,-0.5,0,0.5,-0.5,0,-0.5,0.5,0,0.5,0.5,0],"indexes":[0,1,2,2,1,3],"uv":[511,1,512,1,511,0,512,0],"nuv":[0.998046875,0,1,0,0.998046875,0.001953125,1,0.001953125],"minPos":{"x":-0.5,"y":-0.5,"z":0},"maxPos":{"x":0.5,"y":0.5,"z":0}},"packable":true,"pixelsToUnit":100,"pivot":{"x":0.5,"y":0.5},"meshType":0}],[0],0,[0],[0],[0]]
