[1,["ecJEuFCxZJCbq9Pfzr2eGt@6c48a"],["_textureSource"],["cc.SpriteFrame"],0,[{"name":"LoginButton","rect":{"x":0,"y":0,"width":208,"height":69},"offset":{"x":0,"y":5.5},"originalSize":{"width":208,"height":80},"rotated":false,"capInsets":[40,20,40,20],"vertices":{"rawPosition":[-104,-34.5,0,104,-34.5,0,-104,34.5,0,104,34.5,0],"indexes":[0,1,2,2,1,3],"uv":[0,80,208,80,0,11,208,11],"nuv":[0,0.1375,1,0.1375,0,1,1,1],"minPos":{"x":-104,"y":-34.5,"z":0},"maxPos":{"x":104,"y":34.5,"z":0}},"packable":true,"pixelsToUnit":100,"pivot":{"x":0.5,"y":0.5},"meshType":0}],[0],0,[0],[0],[0]]
