[1,["87aNPq1zNDJ4VybIpo+c0w@f9941","53jerC0TlHOphjczc7kF7P@f9941","ecJEuFCxZJCbq9Pfzr2eGt@f9941","92O/l6v+pB7LrdiPCXD4Ss@f9941","2cAbUEAo5MYaWuSkXNatdB@f9941","a0kd4KAzVCTJFAcjsSKZaM@f9941","8b063BOVBJ3LHBOyTjMv5L@f9941","b0oBNtkhtO47k+qfjiyEb6","93m1pypqJJDrXq7GwRURB+@f9941","95IwmBNiVOI7zAygd8RSue","1dX8sOT8BO0Kz0gjQu2Ds5@6c48a","44hxvT5xBCVp+CVbTspr8O@6c48a","53jerC0TlHOphjczc7kF7P@6c48a","69kTER4y1AiqgBVmun2TXZ@6c48a","78HQur2MFE9ppAma5sjHEb@6c48a","87aNPq1zNDJ4VybIpo+c0w@6c48a","8b063BOVBJ3LHBOyTjMv5L@6c48a","a0kd4KAzVCTJFAcjsSKZaM@6c48a","afmgG5dLNPDJr0xZx0SLvr@6c48a","afmgG5dLNPDJr0xZx0SLvr@f9941","1dX8sOT8BO0Kz0gjQu2Ds5@f9941","44hxvT5xBCVp+CVbTspr8O@f9941","78HQur2MFE9ppAma5sjHEb@f9941","69kTER4y1AiqgBVmun2TXZ@f9941","ecJEuFCxZJCbq9Pfzr2eGt@6c48a"],["node","_spriteFrame","_textureSource","_parent","target","_placeholderLabel","_textLabel","_target","_defaultClip","LoginBtnTb","ResBtnTb","LoginBtn","ResBtn","_cameraComponent","_barSprite","WarnRes","loadingAnimProject","boxRePassRes","boxPassRes","boxPassLogin","boxNameLogin","boxNameRes","scene"],[["cc.Node",["_name","_layer","_active","_id","_components","_parent","_children","_lpos","_lscale"],-1,9,1,2,5,5],"cc.SpriteFrame",["cc.Node",["_name","_layer","_active","_components","_lpos","_parent","_children","_lscale"],0,12,5,1,2,5],["cc.Sprite",["_sizeMode","_type","node","_spriteFrame","_color"],1,1,6,5],["cc.Button",["_transition","node","clickEvents","_normalColor","_target"],2,1,9,5,1],["cc.Label",["_string","_actualFontSize","_fontSize","_overflow","_enableWrapText","_enableOutline","_horizontalAlign","node","_color"],-4,1,5],["cc.EditBox",["_inputMode","_maxLength","_inputFlag","node","_textLabel","_placeholderLabel"],0,1,1,1],["cc.UITransform",["node","_contentSize","_anchorPoint"],3,1,5,5],["cc.ClickEvent",["_componentId","handler","target"],1,1],["cc.SceneAsset",["_name"],2],["cc.Node",["_name","_parent","_components","_lpos"],2,1,2,5],["b2427fiLbpHdJ92GImVnljA",["node","ResBtn","LoginBtn","LoginTable","ResTable","ResBtnTb","LoginBtnTb"],3,1,1,1,1,1,1,1],["cc.Canvas",["node","_cameraComponent"],3,1,1],["cc.Widget",["_alignFlags","_top","_bottom","node"],0,1],["cc.ProgressBar",["_totalLength","_progress","node","_barSprite"],1,1,1],["cc.Scene",["_name","_children","_globals"],2,12,4],["cc.SceneGlobals",["ambient","shadows","_skybox","fog","octree","skin","lightProbeInfo","postSettings"],3,4,4,4,4,4,4,4,4],["cc.AmbientInfo",["_skyColorHDR","_groundAlbedoHDR"],3,5,5],["cc.ShadowsInfo",["_shadowColor","_size"],3,5,5],["cc.SkyboxInfo",[],3],["cc.FogInfo",[],3],["cc.OctreeInfo",[],3],["cc.SkinInfo",["_enabled"],2],["cc.LightProbeInfo",[],3],["cc.PostSettingsInfo",[],3],["9de53gRG/ZM/5hJ9OJJyrkW",["hostname","node","boxNameRes","boxNameLogin","boxPassLogin","boxPassRes","boxRePassRes","LoadingPageProcess","loadingAnimProject","ResTable","ResBtnTb","WarnRes"],2,1,1,1,1,1,1,1,1,1,1,1],["cc.Camera",["_projection","_orthoHeight","_near","_visibility","node","_color"],-1,1,5],["cc.Animation",["node","_clips"],3,1,3]],[[7,0,1,1],[3,2,3,1],[7,0,1,2,1],[0,0,1,5,4,7,3],[3,1,0,2,3],[2,0,1,5,3,4,3],[8,0,1,2,3],[0,0,1,5,6,4,7,8,3],[2,0,1,6,3,4,3],[2,0,2,1,5,3,4,4],[3,0,2,3,2],[5,0,1,2,3,4,7,6],[5,0,6,1,2,3,4,7,8,7],[0,0,1,5,6,4,7,3],[0,0,1,5,4,3],[4,0,1,2,2],[0,0,2,1,5,4,4],[4,1,2,3,4,1],[6,0,1,3,3],[27,0,1,1],[9,0,2],[0,0,1,6,4,3],[0,0,2,1,5,6,4,8,4],[0,0,2,1,5,6,4,7,4],[0,0,2,1,5,6,4,4],[0,0,3,4,3],[0,0,1,3,6,4,7,4],[0,0,3,5,3],[0,0,3,5,4,3],[2,0,1,5,6,3,4,7,3],[2,0,1,5,6,3,3],[10,0,1,2,3,2],[3,1,0,2,3,3],[3,2,4,3,1],[4,1,2,1],[4,1,1],[8,0,2,2],[11,0,1,2,3,4,5,6,1],[12,0,1,1],[13,0,1,2,3,4],[14,0,1,2,3,3],[15,0,1,2,2],[16,0,1,2,3,4,5,6,7,1],[17,0,1,1],[18,0,1,1],[19,1],[20,1],[21,1],[22,0,2],[23,1],[24,1],[25,0,1,2,3,4,5,6,7,8,9,10,11,2],[5,0,1,5,7,4],[5,0,1,2,7,8,4],[26,0,1,2,3,4,5,5],[6,2,0,1,3,4,5,4],[6,0,1,3,4,5,3],[6,2,0,1,3,4]],[[[{"name":"regButton","rect":{"x":0,"y":0,"width":208,"height":70},"offset":{"x":0,"y":5},"originalSize":{"width":208,"height":80},"rotated":false,"capInsets":[0,0,0,0],"vertices":{"rawPosition":[-104,-35,0,104,-35,0,-104,35,0,104,35,0],"indexes":[0,1,2,2,1,3],"uv":[0,80,208,80,0,10,208,10],"nuv":[0,0.125,1,0.125,0,1,1,1],"minPos":{"x":-104,"y":-35,"z":0},"maxPos":{"x":104,"y":35,"z":0}},"packable":true,"pixelsToUnit":100,"pivot":{"x":0.5,"y":0.5},"meshType":0}],[1],0,[0],[2],[10]],[[{"name":"processFrame","rect":{"x":0,"y":0,"width":446,"height":35},"offset":{"x":0,"y":0},"originalSize":{"width":446,"height":35},"rotated":false,"capInsets":[180,10,180,10],"vertices":{"rawPosition":[-223,-17.5,0,223,-17.5,0,-223,17.5,0,223,17.5,0],"indexes":[0,1,2,2,1,3],"uv":[0,35,446,35,0,0,446,0],"nuv":[0,0,1,0,0,1,1,1],"minPos":{"x":-223,"y":-17.5,"z":0},"maxPos":{"x":223,"y":17.5,"z":0}},"packable":true,"pixelsToUnit":100,"pivot":{"x":0.5,"y":0.5},"meshType":0}],[1],0,[0],[2],[11]],[[{"name":"LoginTitle","rect":{"x":0,"y":0,"width":171,"height":44},"offset":{"x":0,"y":0},"originalSize":{"width":171,"height":44},"rotated":false,"capInsets":[0,0,0,0],"vertices":{"rawPosition":[-85.5,-22,0,85.5,-22,0,-85.5,22,0,85.5,22,0],"indexes":[0,1,2,2,1,3],"uv":[0,44,171,44,0,0,171,0],"nuv":[0,0,1,0,0,1,1,1],"minPos":{"x":-85.5,"y":-22,"z":0},"maxPos":{"x":85.5,"y":22,"z":0}},"packable":true,"pixelsToUnit":100,"pivot":{"x":0.5,"y":0.5},"meshType":0}],[1],0,[0],[2],[12]],[[{"name":"processBar","rect":{"x":0,"y":0,"width":30,"height":19},"offset":{"x":0,"y":0},"originalSize":{"width":30,"height":19},"rotated":false,"capInsets":[10,5,10,5],"vertices":{"rawPosition":[-15,-9.5,0,15,-9.5,0,-15,9.5,0,15,9.5,0],"indexes":[0,1,2,2,1,3],"uv":[0,19,30,19,0,0,30,0],"nuv":[0,0,1,0,0,1,1,1],"minPos":{"x":-15,"y":-9.5,"z":0},"maxPos":{"x":15,"y":9.5,"z":0}},"packable":true,"pixelsToUnit":100,"pivot":{"x":0.5,"y":0.5},"meshType":0}],[1],0,[0],[2],[13]],[[{"name":"6698d124-9e39-4ebd-b3f4-4825aea70e40.ab12e","rect":{"x":76,"y":0,"width":860,"height":50},"offset":{"x":3,"y":0.5},"originalSize":{"width":1006,"height":51},"rotated":false,"capInsets":[372,8,369,8],"vertices":{"rawPosition":[-430,-25,0,430,-25,0,-430,25,0,430,25,0],"indexes":[0,1,2,2,1,3],"uv":[76,51,936,51,76,1,936,1],"nuv":[0.07554671968190854,0.0196078431372549,0.9304174950298211,0.0196078431372549,0.07554671968190854,1,0.9304174950298211,1],"minPos":{"x":-430,"y":-25,"z":0},"maxPos":{"x":430,"y":25,"z":0}},"packable":true,"pixelsToUnit":100,"pivot":{"x":0.5,"y":0.5},"meshType":0}],[1],0,[0],[2],[14]],[[{"name":"LineUser","rect":{"x":0,"y":0,"width":340,"height":69},"offset":{"x":0,"y":0},"originalSize":{"width":340,"height":69},"rotated":false,"capInsets":[100,12,100,12],"vertices":{"rawPosition":[-170,-34.5,0,170,-34.5,0,-170,34.5,0,170,34.5,0],"indexes":[0,1,2,2,1,3],"uv":[0,69,340,69,0,0,340,0],"nuv":[0,0,1,0,0,1,1,1],"minPos":{"x":-170,"y":-34.5,"z":0},"maxPos":{"x":170,"y":34.5,"z":0}},"packable":true,"pixelsToUnit":100,"pivot":{"x":0.5,"y":0.5},"meshType":0}],[1],0,[0],[2],[15]],[[{"name":"LoginTable","rect":{"x":1,"y":1,"width":672,"height":423},"offset":{"x":0.5,"y":-0.5},"originalSize":{"width":673,"height":424},"rotated":false,"capInsets":[168,115,168,115],"vertices":{"rawPosition":[-336,-211.5,0,336,-211.5,0,-336,211.5,0,336,211.5,0],"indexes":[0,1,2,2,1,3],"uv":[1,423,673,423,1,0,673,0],"nuv":[0.0014858841010401188,0,1,0,0.0014858841010401188,0.9976415094339622,1,0.9976415094339622],"minPos":{"x":-336,"y":-211.5,"z":0},"maxPos":{"x":336,"y":211.5,"z":0}},"packable":true,"pixelsToUnit":100,"pivot":{"x":0.5,"y":0.5},"meshType":0}],[1],0,[0],[2],[16]],[[{"name":"ResTile","rect":{"x":1,"y":5,"width":192,"height":40},"offset":{"x":0,"y":0},"originalSize":{"width":194,"height":50},"rotated":false,"capInsets":[0,0,0,0],"vertices":{"rawPosition":[-96,-20,0,96,-20,0,-96,20,0,96,20,0],"indexes":[0,1,2,2,1,3],"uv":[1,45,193,45,1,5,193,5],"nuv":[0.005154639175257732,0.1,0.9948453608247423,0.1,0.005154639175257732,0.9,0.9948453608247423,0.9],"minPos":{"x":-96,"y":-20,"z":0},"maxPos":{"x":96,"y":20,"z":0}},"packable":true,"pixelsToUnit":100,"pivot":{"x":0.5,"y":0.5},"meshType":0}],[1],0,[0],[2],[17]],[[{"name":"resTitle","rect":{"x":0,"y":0,"width":137,"height":42},"offset":{"x":-0.5,"y":0.5},"originalSize":{"width":138,"height":43},"rotated":false,"capInsets":[0,0,0,0],"vertices":{"rawPosition":[-68.5,-21,0,68.5,-21,0,-68.5,21,0,68.5,21,0],"indexes":[0,1,2,2,1,3],"uv":[0,43,137,43,0,1,137,1],"nuv":[0,0.023255813953488372,0.9927536231884058,0.023255813953488372,0,1,0.9927536231884058,1],"minPos":{"x":-68.5,"y":-21,"z":0},"maxPos":{"x":68.5,"y":21,"z":0}},"packable":true,"pixelsToUnit":100,"pivot":{"x":0.5,"y":0.5},"meshType":0}],[1],0,[0],[2],[18]],[[[20,"Login"],[21,"background",33554432,[-3,-4,-5,-6,-7,-8,-9,-10,-11,-12],[[0,-1,[5,1920,1080]],[10,0,-2,26]]],[22,"ResTable",false,33554432,1,[-17,-18,-19,-20,-21],[[0,-13,[5,672,423]],[1,-14,14],[34,-16,[[36,"cc.MissingScript",-15]]]],[1,1,1.5,1]],[23,"LoginTable",false,33554432,1,[-25,-26,-27,-28],[[0,-22,[5,672,423]],[1,-23,25],[35,-24]],[1,0,-51.911,0]],[24,"LoggingPage",false,33554432,1,[-31,-32,-33,-34],[[0,-29,[5,1920,1080]],[10,0,-30,22]]],[25,"@Controller","30K6B1ucRNqa00wfFy9iJv",[[37,-39,-38,-37,3,2,-36,-35]]],[16,"offResBtn",false,33554432,1,[[0,-40,[5,1920,1080]],[4,1,0,-41],[17,-43,[[6,"b2427fiLbpHdJ92GImVnljA","offResTable",5]],[4,4292269782],-42]]],[26,"Canvas",33554432,"beI88Z2HpFELqR4T5EMHpg",[-48,1],[[0,-44,[5,1920,1080]],[38,-46,-45],[39,45,5.684341886080802e-14,5.684341886080802e-14,-47]],[1,960,540,0]],[13,"regButton",33554432,1,[-52],[[0,-49,[5,208,70]],[1,-50,3],[15,3,-51,[[6,"b2427fiLbpHdJ92GImVnljA","onResTable",5]]]],[1,201.156,-220,0]],[13,"LoginButton",33554432,1,[-56],[[0,-53,[5,208,69]],[1,-54,5],[15,3,-55,[[6,"b2427fiLbpHdJ92GImVnljA","onLoginTable",5]]]],[1,-171.483,-220,0]],[8,"EditBox",33554432,[-60,-61],[[[0,-57,[5,295.7142857142857,42.857142857142854]],[4,1,0,-58],-59],4,4,1],[1,-3.5714285714285765,1.4285714285714288,0]],[8,"EditBox",33554432,[-65,-66],[[[0,-62,[5,295.7142857142857,42.857142857142854]],[4,1,0,-63],-64],4,4,1],[1,-3.5714285714285765,1.4285714285714288,0]],[8,"EditBox",33554432,[-70,-71],[[[0,-67,[5,295.7142857142857,42.857142857142854]],[4,1,0,-68],-69],4,4,1],[1,-3.5714285714285765,1.4285714285714288,0]],[8,"boxuser",33554432,[-75,-76],[[[0,-72,[5,295.7142857142857,42.857142857142854]],[4,1,0,-73],-74],4,4,1],[1,-3.5714285714285765,1.4285714285714288,0]],[8,"boxPass",33554432,[-80,-81],[[[0,-77,[5,295.7142857142857,42.857142857142854]],[4,1,0,-78],-79],4,4,1],[1,-3.5714285714285765,1.4285714285714288,0]],[29,"LoadProcess",33554432,4,[-87],[[[0,-82,[5,305.1972,29.37533333333333]],[32,1,0,-83,20],[40,292.0238,1,-85,-84],-86],4,4,4,1],[1,0,-473.81,0],[1,5,1.5,1]],[16,"offLoginBtn",false,33554432,1,[[0,-88,[5,1920,1080]],[4,1,0,-89],[17,-91,[[6,"b2427fiLbpHdJ92GImVnljA","offLoginTable",5]],[4,4292269782],-90]]],[41,"Login",[[7,[27,"-----------------------","7bannw58NF6pEKf/FdoJF8",-92],5,-93],1,4,1,1],[42,[43,[2,0,0,0,0.520833125],[2,0,0,0,0]],[44,[4,4283190348],[0,512,512]],[45],[46],[47],[48,false],[49],[50]]],[13,"LoginButton",33554432,3,[-98],[[0,-94,[5,208,69]],[1,-95,8],[15,3,-97,[[6,"9de53gRG/ZM/5hJ9OJJyrkW","loginBtn",-96]]]],[1,0,-131.426,0]],[13,"LoginButton",33554432,2,[-103],[[0,-99,[5,209.465,45.53266666666667]],[10,0,-100,13],[15,3,-102,[[6,"9de53gRG/ZM/5hJ9OJJyrkW","signUp",-101]]]],[1,0,-146.9,0]],[30,"6698d124-9e39-4ebd-b3f4-4825aea70e40.ab12e",33554432,1,[-107],[[[0,-104,[5,860,50]],[33,-105,[4,16777215],23],-106],4,4,1]],[28,"@connect","8cW3BC3LRH1bzbUbKVD2oz",17,[[51,"game-server.our-projects.org",-115,-114,-113,-112,-111,-110,4,-109,2,6,-108]]],[7,"Sprite-002",33554432,2,[10],[[0,-116,[5,340,69]],[1,-117,15]],[1,0,84.988,0],[1,0.9,0.6,1]],[7,"Sprite-003",33554432,2,[11],[[0,-118,[5,340,69]],[1,-119,10]],[1,0,10.152,0],[1,0.9,0.6,1]],[7,"Sprite-004",33554432,2,[12],[[0,-120,[5,340,69]],[1,-121,11]],[1,0,-67.016,0],[1,0.9,0.6,1]],[7,"LoginUSeer",33554432,3,[13],[[0,-122,[5,340,69]],[1,-123,16]],[1,0,76.30399999999997,0],[1,0.9,0.9,1]],[7,"Sprite-001",33554432,3,[14],[[0,-124,[5,340,69]],[1,-125,17]],[1,0,-12.696000000000026,0],[1,0.9,0.9,1]],[3,"dragonSplash",33554432,1,[[0,-126,[5,542,711]],[1,-127,0]],[1,-689.97,-187.804,0]],[3,"tigerSplash",33554432,1,[[0,-128,[5,464,650]],[1,-129,1]],[1,730.091,-215.043,0]],[14,"resTitle",33554432,8,[[0,-130,[5,137,42]],[1,-131,2]]],[14,"LoginTitle",33554432,9,[[0,-132,[5,171,44]],[1,-133,4]]],[3,"LoginTitle",33554432,3,[[0,-134,[5,171,44]],[1,-135,6]],[1,0,177.054,0]],[14,"LoginTitle",33554432,18,[[0,-136,[5,171,44]],[1,-137,7]]],[3,"ResTile",33554432,2,[[0,-138,[5,192,29.259999999999998]],[10,0,-139,9]],[1,0,178.363,0]],[9,"TEXT_LABEL",false,33554432,11,[[[2,-140,[5,293.7142857142857,42.857142857142854],[0,0,1]],-141],4,1],[1,-145.85714285714286,21.428571428571427,0]],[5,"PLACEHOLDER_LABEL",33554432,11,[[[2,-142,[5,293.7142857142857,42.857142857142854],[0,0,1]],-143],4,1],[1,-145.85714285714286,21.428571428571427,0]],[9,"TEXT_LABEL",false,33554432,12,[[[2,-144,[5,293.7142857142857,42.857142857142854],[0,0,1]],-145],4,1],[1,-145.85714285714286,21.428571428571427,0]],[5,"PLACEHOLDER_LABEL",33554432,12,[[[2,-146,[5,293.7142857142857,42.857142857142854],[0,0,1]],-147],4,1],[1,-145.85714285714286,21.428571428571427,0]],[3,"ResTile",33554432,19,[[0,-148,[5,158.106,21.019333333333343]],[10,0,-149,12]],[1,0.2740000000000009,0.39633333333333365,0]],[9,"TEXT_LABEL",false,33554432,10,[[[2,-150,[5,293.7142857142857,42.857142857142854],[0,0,1]],-151],4,1],[1,-145.85714285714286,21.428571428571427,0]],[5,"PLACEHOLDER_LABEL",33554432,10,[[[2,-152,[5,293.7142857142857,42.857142857142854],[0,0,1]],-153],4,1],[1,-145.85714285714286,21.428571428571427,0]],[9,"TEXT_LABEL",false,33554432,13,[[[2,-154,[5,293.7142857142857,42.857142857142854],[0,0,1]],-155],4,1],[1,-145.85714285714286,21.428571428571427,0]],[5,"PLACEHOLDER_LABEL",33554432,13,[[[2,-156,[5,293.7142857142857,42.857142857142854],[0,0,1]],-157],4,1],[1,-145.85714285714286,21.428571428571427,0]],[9,"TEXT_LABEL",false,33554432,14,[[[2,-158,[5,293.7142857142857,42.857142857142854],[0,0,1]],-159],4,1],[1,-145.85714285714286,21.428571428571427,0]],[5,"PLACEHOLDER_LABEL",33554432,14,[[[2,-160,[5,293.7142857142857,42.857142857142854],[0,0,1]],-161],4,1],[1,-145.85714285714286,21.428571428571427,0]],[3,"dragonSplash-001",33554432,4,[[0,-162,[5,542,711]],[1,-163,18]],[1,-689.97,-187.80399999999997,0]],[3,"tigerSplash-001",33554432,4,[[0,-164,[5,464,650]],[1,-165,19]],[1,730.0909999999999,-215.043,0]],[5,"Bar",33554432,15,[[[2,-166,[5,292.0238,15],[0,0,0.5]],-167],4,1],[1,-147.1052,0,0]],[3,"Loading",33554432,4,[[0,-168,[5,179.703125,54.4]],[52,"Loading...",40,true,-169]],[1,0,-429.124,0]],[14,"text",33554432,20,[[0,-170,[5,210.087890625,50.4]],[53,"Registered successfully",20,20,-171,[4,4284668130]]]],[31,"Camera",7,[-172],[1,0,0,1000]],[54,0,631.7684887459807,0,1108344832,50,[4,4278190080]],[18,6,255,10],[11,"",40,35,2,false,34],[12,"Enter Password",0,20,20,1,false,35,[4,4290493371]],[55,0,6,255,11,53,54],[11,"",40,35,2,false,36],[12,"NAME",0,20,20,1,false,37,[4,4290493371]],[56,6,255,12,56,57],[11,"",40,35,2,false,39],[12,"Enter Username",0,20,20,1,false,40,[4,4290493371]],[18,6,255,13],[11,"",40,35,2,false,41],[12,"Enter Username",0,20,20,1,false,42,[4,4290493371]],[57,0,6,255,14],[11,"",40,35,2,false,43],[12,"Enter Password",0,20,20,1,false,44,[4,4290493371]],[4,1,0,47],[19,15,[21]],[19,20,[24]]],0,[0,0,1,0,0,1,0,-1,27,0,-2,28,0,-3,8,0,-4,9,0,-5,16,0,-6,3,0,-7,6,0,-8,2,0,-9,4,0,-10,20,0,0,2,0,0,2,0,4,5,0,0,2,0,-1,33,0,-2,22,0,-3,23,0,-4,24,0,-5,19,0,0,3,0,0,3,0,0,3,0,-1,31,0,-2,18,0,-3,25,0,-4,26,0,0,4,0,0,4,0,-1,45,0,-2,46,0,-3,15,0,-4,48,0,9,16,0,10,6,0,11,9,0,12,8,0,0,5,0,0,6,0,0,6,0,7,6,0,0,6,0,0,7,0,13,51,0,0,7,0,0,7,0,-1,50,0,0,8,0,0,8,0,0,8,0,-1,29,0,0,9,0,0,9,0,0,9,0,-1,30,0,0,10,0,0,10,0,-3,52,0,-1,39,0,-2,40,0,0,11,0,0,11,0,-3,55,0,-1,34,0,-2,35,0,0,12,0,0,12,0,-3,58,0,-1,36,0,-2,37,0,0,13,0,0,13,0,-3,61,0,-1,41,0,-2,42,0,0,14,0,0,14,0,-3,64,0,-1,43,0,-2,44,0,0,15,0,0,15,0,14,67,0,0,15,0,-4,68,0,-1,47,0,0,16,0,0,16,0,7,16,0,0,16,0,3,17,0,-4,21,0,0,18,0,0,18,0,4,21,0,0,18,0,-1,32,0,0,19,0,0,19,0,4,21,0,0,19,0,-1,38,0,0,20,0,0,20,0,-3,69,0,-1,49,0,15,69,0,16,68,0,17,58,0,18,55,0,19,64,0,20,61,0,21,52,0,0,21,0,0,22,0,0,22,0,0,23,0,0,23,0,0,24,0,0,24,0,0,25,0,0,25,0,0,26,0,0,26,0,0,27,0,0,27,0,0,28,0,0,28,0,0,29,0,0,29,0,0,30,0,0,30,0,0,31,0,0,31,0,0,32,0,0,32,0,0,33,0,0,33,0,0,34,0,-2,53,0,0,35,0,-2,54,0,0,36,0,-2,56,0,0,37,0,-2,57,0,0,38,0,0,38,0,0,39,0,-2,59,0,0,40,0,-2,60,0,0,41,0,-2,62,0,0,42,0,-2,63,0,0,43,0,-2,65,0,0,44,0,-2,66,0,0,45,0,0,45,0,0,46,0,0,46,0,0,47,0,-2,67,0,0,48,0,0,48,0,0,49,0,0,49,0,-1,51,0,22,17,1,3,7,5,3,17,7,3,17,10,3,22,11,3,23,12,3,24,13,3,25,14,3,26,52,5,60,52,6,59,61,5,63,61,6,62,64,5,66,64,6,65,172],[0,0,0,0,0,0,0,0,0,0,0,0,0,0,0,0,0,0,0,0,0,0,0,0,0,0,0,67,68,69],[1,1,1,1,1,1,1,1,1,1,1,1,1,1,1,1,1,1,1,1,1,-1,1,1,-1,1,1,1,8,8],[3,4,19,20,1,2,1,1,2,5,0,0,5,2,6,0,0,0,3,4,21,7,8,22,9,6,8,23,7,9]],[[{"name":"LoginButton","rect":{"x":0,"y":0,"width":208,"height":69},"offset":{"x":0,"y":5.5},"originalSize":{"width":208,"height":80},"rotated":false,"capInsets":[40,20,40,20],"vertices":{"rawPosition":[-104,-34.5,0,104,-34.5,0,-104,34.5,0,104,34.5,0],"indexes":[0,1,2,2,1,3],"uv":[0,80,208,80,0,11,208,11],"nuv":[0,0.1375,1,0.1375,0,1,1,1],"minPos":{"x":-104,"y":-34.5,"z":0},"maxPos":{"x":104,"y":34.5,"z":0}},"packable":true,"pixelsToUnit":100,"pivot":{"x":0.5,"y":0.5},"meshType":0}],[1],0,[0],[2],[24]]]]
