[1,["camm/M6hpBXaLvv7BKbjQJ@6c48a"],["_textureSource"],["cc.SpriteFrame"],0,[{"name":"Elixir_Loading31","rect":{"x":209,"y":194,"width":117,"height":112},"offset":{"x":11.5,"y":6},"originalSize":{"width":512,"height":512},"rotated":false,"capInsets":[0,0,0,0],"vertices":{"rawPosition":[-58.5,-56,0,58.5,-56,0,-58.5,56,0,58.5,56,0],"indexes":[0,1,2,2,1,3],"uv":[209,318,326,318,209,206,326,206],"nuv":[0.408203125,0.40234375,0.63671875,0.40234375,0.408203125,0.62109375,0.63671875,0.62109375],"minPos":{"x":-58.5,"y":-56,"z":0},"maxPos":{"x":58.5,"y":56,"z":0}},"packable":true,"pixelsToUnit":100,"pivot":{"x":0.5,"y":0.5},"meshType":0}],[0],0,[0],[0],[0]]
