[1,["9baYYWGGlGu7zKTGn4sN9z@6c48a"],["_textureSource"],["cc.SpriteFrame"],0,[{"name":"Dr_B_33","rect":{"x":87,"y":78,"width":351,"height":363},"offset":{"x":2.5,"y":0.5},"originalSize":{"width":520,"height":520},"rotated":false,"capInsets":[0,0,0,0],"vertices":{"rawPosition":[-175.5,-181.5,0,175.5,-181.5,0,-175.5,181.5,0,175.5,181.5,0],"indexes":[0,1,2,2,1,3],"uv":[87,442,438,442,87,79,438,79],"nuv":[0.1673076923076923,0.1519230769230769,0.8423076923076923,0.1519230769230769,0.1673076923076923,0.85,0.8423076923076923,0.85],"minPos":{"x":-175.5,"y":-181.5,"z":0},"maxPos":{"x":175.5,"y":181.5,"z":0}},"packable":true,"pixelsToUnit":100,"pivot":{"x":0.5,"y":0.5},"meshType":0}],[0],0,[0],[0],[0]]
