[1,["e3aM+1FLFMTY5Or1z8V/84@6c48a"],["_textureSource"],["cc.SpriteFrame"],0,[{"name":"coinIcon","rect":{"x":32,"y":0,"width":448,"height":512},"offset":{"x":0,"y":0},"originalSize":{"width":512,"height":512},"rotated":false,"capInsets":[0,0,0,0],"vertices":{"rawPosition":[-224,-256,0,224,-256,0,-224,256,0,224,256,0],"indexes":[0,1,2,2,1,3],"uv":[32,512,480,512,32,0,480,0],"nuv":[0.0625,0,0.9375,0,0.0625,1,0.9375,1],"minPos":{"x":-224,"y":-256,"z":0},"maxPos":{"x":224,"y":256,"z":0}},"packable":true,"pixelsToUnit":100,"pivot":{"x":0.5,"y":0.5},"meshType":0}],[0],0,[0],[0],[0]]
