[1,["f2OwI4Ya1Ecar3MVHSH1+/@6c48a"],["_textureSource"],["cc.SpriteFrame"],0,[{"name":"Frame 427322282","rect":{"x":1,"y":6,"width":98,"height":147},"offset":{"x":0.5,"y":-0.5},"originalSize":{"width":99,"height":158},"rotated":false,"capInsets":[0,0,0,0],"vertices":{"rawPosition":[-49,-73.5,0,49,-73.5,0,-49,73.5,0,49,73.5,0],"indexes":[0,1,2,2,1,3],"uv":[1,152,99,152,1,5,99,5],"nuv":[0.010101010101010102,0.03164556962025317,1,0.03164556962025317,0.010101010101010102,0.9620253164556962,1,0.9620253164556962],"minPos":{"x":-49,"y":-73.5,"z":0},"maxPos":{"x":49,"y":73.5,"z":0}},"packable":true,"pixelsToUnit":100,"pivot":{"x":0.5,"y":0.5},"meshType":0}],[0],0,[0],[0],[0]]
