[1,["3b1fiqpmhPxqdK4c4/3Wf4@6c48a"],["_textureSource"],["cc.SpriteFrame"],0,[{"name":"Frame 427322284","rect":{"x":1,"y":5,"width":98,"height":147},"offset":{"x":0.5,"y":0.5},"originalSize":{"width":99,"height":158},"rotated":false,"capInsets":[0,0,0,0],"vertices":{"rawPosition":[-49,-73.5,0,49,-73.5,0,-49,73.5,0,49,73.5,0],"indexes":[0,1,2,2,1,3],"uv":[1,153,99,153,1,6,99,6],"nuv":[0.010101010101010102,0.0379746835443038,1,0.0379746835443038,0.010101010101010102,0.9683544303797469,1,0.9683544303797469],"minPos":{"x":-49,"y":-73.5,"z":0},"maxPos":{"x":49,"y":73.5,"z":0}},"packable":true,"pixelsToUnit":100,"pivot":{"x":0.5,"y":0.5},"meshType":0}],[0],0,[0],[0],[0]]
