[1,["c6NwG3W+tIxYYZeDSMBd5P@6c48a"],["_textureSource"],["cc.SpriteFrame"],0,[{"name":"Frame 427322293","rect":{"x":0,"y":7,"width":96,"height":145},"offset":{"x":-1.5,"y":-0.5},"originalSize":{"width":99,"height":158},"rotated":false,"capInsets":[0,0,0,0],"vertices":{"rawPosition":[-48,-72.5,0,48,-72.5,0,-48,72.5,0,48,72.5,0],"indexes":[0,1,2,2,1,3],"uv":[0,151,96,151,0,6,96,6],"nuv":[0,0.0379746835443038,0.9696969696969697,0.0379746835443038,0,0.9556962025316456,0.9696969696969697,0.9556962025316456],"minPos":{"x":-48,"y":-72.5,"z":0},"maxPos":{"x":48,"y":72.5,"z":0}},"packable":true,"pixelsToUnit":100,"pivot":{"x":0.5,"y":0.5},"meshType":0}],[0],0,[0],[0],[0]]
