[1,["50gjBQUmpL3a2rqmamqHPH@6c48a"],["_textureSource"],["cc.SpriteFrame"],0,[{"name":"TH12","rect":{"x":143,"y":125,"width":298,"height":313},"offset":{"x":32,"y":-21.5},"originalSize":{"width":520,"height":520},"rotated":false,"capInsets":[0,0,0,0],"vertices":{"rawPosition":[-149,-156.5,0,149,-156.5,0,-149,156.5,0,149,156.5,0],"indexes":[0,1,2,2,1,3],"uv":[143,395,441,395,143,82,441,82],"nuv":[0.275,0.1576923076923077,0.8480769230769231,0.1576923076923077,0.275,0.7596153846153846,0.8480769230769231,0.7596153846153846],"minPos":{"x":-149,"y":-156.5,"z":0},"maxPos":{"x":149,"y":156.5,"z":0}},"packable":true,"pixelsToUnit":100,"pivot":{"x":0.5,"y":0.5},"meshType":0}],[0],0,[0],[0],[0]]
