[1,["50rflspaFPXJb62F1BK61M@6c48a"],["_textureSource"],["cc.SpriteFrame"],0,[{"name":"Elixir_Loading58","rect":{"x":212,"y":196,"width":88,"height":106},"offset":{"x":0,"y":7},"originalSize":{"width":512,"height":512},"rotated":false,"capInsets":[0,0,0,0],"vertices":{"rawPosition":[-44,-53,0,44,-53,0,-44,53,0,44,53,0],"indexes":[0,1,2,2,1,3],"uv":[212,316,300,316,212,210,300,210],"nuv":[0.4140625,0.41015625,0.5859375,0.41015625,0.4140625,0.6171875,0.5859375,0.6171875],"minPos":{"x":-44,"y":-53,"z":0},"maxPos":{"x":44,"y":53,"z":0}},"packable":true,"pixelsToUnit":100,"pivot":{"x":0.5,"y":0.5},"meshType":0}],[0],0,[0],[0],[0]]
