[1,["b50I4Xce5CJqn9uWp0QYQN@6c48a"],["_textureSource"],["cc.SpriteFrame"],0,[{"name":"Explo15","rect":{"x":519,"y":519,"width":1,"height":1},"offset":{"x":259.5,"y":-259.5},"originalSize":{"width":520,"height":520},"rotated":false,"capInsets":[0,0,0,0],"vertices":{"rawPosition":[-0.5,-0.5,0,0.5,-0.5,0,-0.5,0.5,0,0.5,0.5,0],"indexes":[0,1,2,2,1,3],"uv":[519,1,520,1,519,0,520,0],"nuv":[0.9980769230769231,0,1,0,0.9980769230769231,0.0019230769230769232,1,0.0019230769230769232],"minPos":{"x":-0.5,"y":-0.5,"z":0},"maxPos":{"x":0.5,"y":0.5,"z":0}},"packable":true,"pixelsToUnit":100,"pivot":{"x":0.5,"y":0.5},"meshType":0}],[0],0,[0],[0],[0]]
