[1,["edGZLp5uZANJEnDtzOq8HZ@6c48a"],["_textureSource"],["cc.SpriteFrame"],0,[{"name":"Elixir_Loading33","rect":{"x":201,"y":177,"width":112,"height":138},"offset":{"x":1,"y":10},"originalSize":{"width":512,"height":512},"rotated":false,"capInsets":[0,0,0,0],"vertices":{"rawPosition":[-56,-69,0,56,-69,0,-56,69,0,56,69,0],"indexes":[0,1,2,2,1,3],"uv":[201,335,313,335,201,197,313,197],"nuv":[0.392578125,0.384765625,0.611328125,0.384765625,0.392578125,0.654296875,0.611328125,0.654296875],"minPos":{"x":-56,"y":-69,"z":0},"maxPos":{"x":56,"y":69,"z":0}},"packable":true,"pixelsToUnit":100,"pivot":{"x":0.5,"y":0.5},"meshType":0}],[0],0,[0],[0],[0]]
