[1,["edu70gctxPcokWiofMj0nV@6c48a"],["_textureSource"],["cc.SpriteFrame"],0,[{"name":"Explo09","rect":{"x":65,"y":81,"width":390,"height":358},"offset":{"x":0,"y":0},"originalSize":{"width":520,"height":520},"rotated":false,"capInsets":[0,0,0,0],"vertices":{"rawPosition":[-195,-179,0,195,-179,0,-195,179,0,195,179,0],"indexes":[0,1,2,2,1,3],"uv":[65,439,455,439,65,81,455,81],"nuv":[0.125,0.15576923076923077,0.875,0.15576923076923077,0.125,0.8442307692307692,0.875,0.8442307692307692],"minPos":{"x":-195,"y":-179,"z":0},"maxPos":{"x":195,"y":179,"z":0}},"packable":true,"pixelsToUnit":100,"pivot":{"x":0.5,"y":0.5},"meshType":0}],[0],0,[0],[0],[0]]
