[1,["0eD/mEQsBAHZFNgw3myvq5@6c48a"],["_textureSource"],["cc.SpriteFrame"],0,[{"name":"chip2","rect":{"x":0,"y":0,"width":80,"height":80},"offset":{"x":0,"y":0},"originalSize":{"width":80,"height":80},"rotated":false,"capInsets":[0,0,0,0],"vertices":{"rawPosition":[-40,-40,0,40,-40,0,-40,40,0,40,40,0],"indexes":[0,1,2,2,1,3],"uv":[0,80,80,80,0,0,80,0],"nuv":[0,0,1,0,0,1,1,1],"minPos":{"x":-40,"y":-40,"z":0},"maxPos":{"x":40,"y":40,"z":0}},"packable":true,"pixelsToUnit":100,"pivot":{"x":0.5,"y":0.5},"meshType":0}],[0],0,[0],[0],[0]]
